ra,dec,phot_g_mean_mag
43.21520590182947,67.26104220319901,10.841185
43.23192273757177,67.28292931650181,11.477264
42.34009472386878,67.20055984068044,11.241699
42.36222466584504,67.24970665571823,11.323478
42.794827517631184,67.30214597078366,11.561693
41.14246421390951,67.03245394578946,11.363631
41.292169843655465,67.11398053136274,11.483019
42.03117117687073,67.21579563014475,11.938669
41.859940598468185,67.2050471360302,10.210817
41.63895827127306,67.16851866786594,10.294392
41.52831393438135,67.18816137049463,10.506771
41.7713472577459,67.22512420413248,11.406447
41.56903548941815,67.29627369198249,11.483131
40.981452333042675,67.15646413087377,11.883504
41.108444897689914,67.27237326975816,11.1715765
41.33014606345547,67.3285883026151,11.900171
41.529434665457124,67.37206276490447,11.3128
42.211922951558456,67.35717643135644,8.746245
41.83192539420939,67.35694148212853,11.977216
42.08895117805766,67.42654558000973,10.958312
42.3932636622897,67.44613294820934,11.238132
42.284068706164284,67.64120708852154,10.671926
41.68738366436414,67.38924798290854,11.625568
41.86764394478492,67.47742917683527,11.94818
41.87464708914608,67.54549013864575,9.883888
41.598610661168365,67.62186560434057,11.906926
42.096234498343115,67.67396897285812,11.662699
41.701567320206685,67.73356450764868,8.156098
41.84122826999731,67.75057640562315,11.207955
41.92809774475449,67.84995817216657,10.939898
37.705200347842066,67.15207765950429,10.388724
37.60732637116195,67.23547042814003,11.566261
37.48180457379872,67.25240384238711,11.840894
37.416045254836106,67.29453412174637,10.824969
36.54479719305377,67.30911897357726,11.403113
36.60256310854305,67.29531048053528,10.623671
37.002725061741614,67.24747967449139,11.850758
37.105473976511306,67.35109000513384,11.599983
37.02903936609611,67.36018835516019,11.8577585
36.793310344007246,67.47152529158629,11.471559
36.464393549324036,67.38114496217598,11.930387
36.31041939659389,67.40345146626545,11.970314
36.6452810450386,67.428441443923,9.448617
36.46818234404249,67.61747259331294,11.914726
35.62042079560806,67.47467661713127,11.852773
35.62933435115375,67.6194682177094,9.591823
35.99391702931103,67.68260316581377,10.4686775
36.16537272826251,67.69086938466619,11.262987
36.07755468795027,67.71662458765955,11.536795
36.03950738728059,67.85124751223749,11.03225
39.22896734192228,67.05312306352666,11.750919
39.210935274919294,67.1234992245579,11.413688
39.9208289201828,67.01674793222585,11.567372
40.41466451723867,67.05803447072883,11.888831
40.447394792593805,67.17863224811502,10.874619
40.52785729304119,67.23850055692301,8.594793
39.43685551725904,67.12945756487585,11.184421
39.29171767515748,67.1992615638583,11.163729
39.63381114125804,67.24527630230642,9.819571
40.131429651789006,67.3150801605969,11.022325
39.65002906017531,67.40195571493796,11.925032
38.36562258273794,67.09857271835544,11.629246
38.92260134562103,67.13318932127954,11.957825
38.80154056374324,67.10472117301589,10.9953165
39.06716536463654,67.16663912706807,9.969762
38.92312579977785,67.17131512692418,11.622892
38.79389360979682,67.1887110252165,11.517692
38.71928311579853,67.26959298378993,8.550558
38.01247103985635,67.12769703876849,10.914683
38.358971608434416,67.1637834195801,10.28325
38.33085021270691,67.17979796196555,10.472283
37.99202137501221,67.17551363173268,11.608081
38.53754400087329,67.2753554067712,11.219196
38.65951542463881,67.3253802841403,11.688375
38.63077361619385,67.36777620008584,10.963962
38.566208837291114,67.41639368988521,8.006759
38.201764248558135,67.3186407714888,10.883889
38.45767577856598,67.47855341731106,11.653511
38.302520784198265,67.52708878193077,11.452146
39.20181558653075,67.24714074078591,11.85691
39.41053974619359,67.3490620253972,11.941374
39.07051218287618,67.51311406734735,7.1445527
39.582571706515374,67.4225279999399,9.252578
39.55127698186362,67.48507036499657,10.945866
39.447720000972836,67.52675516957406,10.872667
39.623216509978036,67.60674801139729,11.543978
39.201324034541926,67.55023226135233,11.246856
38.75496121561957,67.44551740880598,10.642147
38.65980816804048,67.51231765637672,11.954615
38.765728856321516,67.58234233635994,9.413765
38.47039445355341,67.5590040870982,11.98495
38.70201034513076,67.57578099303524,9.743453
38.822733316001056,67.66908058752077,11.623105
38.627490057201854,67.70247650450483,11.413772
39.165036520452645,67.73283761812878,11.533964
38.73527108460631,67.74184792835236,9.6326475
38.95596119229593,67.9057802781892,11.371291
40.55220252845284,67.34069423164095,11.834686
40.32680352470372,67.3814435665279,11.338889
40.69807292164476,67.47397806323943,11.7548275
40.90637207422138,67.42718270965133,11.846621
40.933038436269484,67.4409988746018,10.446048
41.130101102033656,67.60839393591338,9.664517
40.75352488480643,67.581831067116,10.563682
40.85168661110013,67.64405697074355,11.149525
40.4626360113133,67.59725024577489,11.557632
40.461978309498164,67.59767225292883,10.851126
40.119529384317346,67.57637185298881,11.715162
40.20843533870319,67.67795804165803,11.212186
40.211049505731644,67.76631298464352,10.029381
40.57487921758421,67.82805643130854,11.048404
41.48453044308957,67.80337652979459,11.438958
41.49798143380723,67.80860059538689,8.476684
41.422286162852224,67.79547110334926,11.456881
41.424425713986096,67.82174278705286,11.388589
41.20727616113533,67.82448892388781,5.9381804
41.02110018891667,67.87500983002995,10.395895
41.12115588816934,67.94000474992664,11.973777
41.29334210479466,68.06788239065794,11.721885
39.878276554103174,67.67469127026177,8.810337
39.713384644320726,67.655392402343,10.743128
39.84333547841673,67.71966775609756,11.775115
39.56855291052119,67.74034660680758,11.128441
39.52853997390013,67.78080202397913,10.822917
39.62565343966809,67.76635436638264,10.548524
40.07769286297874,67.86580825634417,10.642022
39.84189594721488,67.91913261353461,10.250643
39.89921630526664,67.99547364926069,11.916454
39.44227685889933,67.85551265048132,10.91319
39.45027962460723,67.88232057239505,11.748954
39.21598104637907,67.87107863112412,10.773371
39.22388000626544,67.95392487664921,11.6154785
39.04488316509233,67.95698422853951,7.661292
39.141841661986675,67.9972545303656,11.843057
39.59660286931941,68.06129913467868,7.5721664
40.59449728240254,68.06430810535214,6.736265
40.907564615255374,68.34703191171879,11.806399
40.44697712461233,68.30621821168904,11.364937
39.785140360818346,68.36875153001338,10.424407
40.324981255353485,68.39893746773663,11.595071
40.69079010064361,68.49698359665568,9.4096
40.47797305837763,68.45722396549414,11.944203
40.46160312174668,68.4696355489116,7.70207
40.490535721322104,68.51965326179612,11.716503
40.207232787958866,68.59556384069116,10.169099
37.70296801056734,67.24699511562451,10.691425
37.8790940234837,67.37957398751931,11.035553
37.889661988212936,67.41272544017502,11.54984
37.54511473460482,67.41555230160367,8.832963
37.44195528693758,67.42909896093998,11.73848
37.97446192835151,67.47374304688731,11.95722
38.661104392450234,67.86508784409152,11.828027
37.88940943208426,67.54511608036545,11.771418
37.64877116759527,67.57789165910128,9.2393055
37.817877743858034,67.57353010541863,11.366618
37.80170951336398,67.61711506124507,10.147828
38.12368455840261,67.64703747801832,11.570117
37.88469774214597,67.68564884725227,11.709358
37.27078195050208,67.4015578373054,8.129601
37.34181617285385,67.43914308592332,11.553983
37.26617856169214,67.40241597303176,4.6340737
37.264616610783484,67.4019204684237,6.8365726
37.39849589822132,67.43161551682414,8.454372
37.29126771443692,67.56185112182786,11.665793
37.168539450628266,67.58428273585939,11.0381
37.0914223193308,67.6183484374602,8.95245
37.30243205694379,67.76153015291199,11.69017
37.39715391645551,67.76492041741483,10.52185
37.52114378032998,67.80867853474393,11.969646
38.64871560235834,67.74278593857187,7.234868
38.466724372642446,67.77204385392656,9.319295
38.16998858213629,67.73464648772911,11.445606
38.00280845682233,67.77576324469776,11.320266
38.362038526729506,67.85254208244989,8.790102
38.59210821343502,67.8071387014995,11.654701
38.66098151820834,67.86518986079103,11.635749
38.65300195624133,67.87069969060876,11.945568
38.831611816339155,67.86263015949751,11.091846
38.44715637068291,67.96368398220994,10.31524
38.61076808040458,67.96187072504175,10.1132145
38.674751381217085,67.98491850459648,11.162074
38.62406062638777,67.98879702662627,10.100557
37.85473791273301,67.84172214065292,11.870964
38.05906170120914,67.9319567891796,11.73242
37.74137931177332,67.85648572752893,11.828436
37.71026957615881,67.93870469521346,11.280645
37.577875489249486,67.95994168881495,10.184578
37.87672025967655,67.98553545051949,11.025994
38.360210224503476,68.02147269614763,11.386414
38.298601177955035,68.02394284155152,11.846254
38.20064817270195,68.07277333184807,11.427022
38.339416958121404,68.10900583599837,11.436823
38.09712078091731,68.11929740457624,11.0192375
37.98401399377483,68.12974103414466,10.8868885
36.758196326784784,67.6903750774946,11.107903
37.04384230606783,67.76980159819273,11.512668
36.68954352939939,67.71059314684231,9.875784
36.73954908937471,67.78166100728588,11.973596
36.847345944327,67.77865899413837,11.761745
36.6060964554746,67.84345988869856,11.956332
37.19055246145428,67.83606077745715,11.904599
37.414366914402436,67.93372114489041,11.527743
36.866303586018255,67.9213471477528,11.87752
36.95316914641981,67.96847992062375,9.851861
36.562598612775794,67.88079710572876,10.377243
36.29446763114284,68.08756096715834,10.939868
36.79451329733389,67.96728054772883,10.657343
37.007712310735364,68.10791482172935,11.984357
36.88347293102524,68.1673329190146,9.692018
36.86512878229639,68.16582393937722,11.884267
36.55526736517604,68.08492244614506,10.757558
37.23442038846607,68.08213608112075,11.493049
37.21797771280811,68.16914110509724,11.445745
37.489800454626675,68.22574461304146,9.469627
37.671134743029356,68.19221567980581,10.43381
37.41924613266904,68.30696973466173,11.844168
37.25600144981733,68.24453354734426,11.779415
37.26291865300954,68.29835698016714,11.1157675
37.21520840169833,68.35240848784889,11.406195
36.89655634705807,68.30290526208134,11.405592
36.91628047030754,68.42836026565453,10.389386
36.88023657841616,68.46255599882939,9.317508
37.372896296593375,68.38828506407037,9.62594
37.43196870434556,68.40198375178788,10.20992
37.46508493335602,68.42636387958267,11.298921
37.277469857095596,68.49324182391089,10.186277
37.4056213588905,68.55514855291973,11.984729
37.37642748758819,68.59593885629275,11.670546
39.07890384406504,67.98883969624292,11.207815
38.8515773558819,68.09663444968444,9.50088
38.82682224941808,68.22751808975043,11.495969
39.235387739172126,68.32007328706823,11.950812
38.50378715451231,68.28685718402144,11.793642
38.68013350371501,68.24987249412249,10.417518
38.616593017775024,68.27720226038767,11.448777
38.64166976744768,68.35514872245216,11.984055
38.3837465660884,68.29925750641492,9.985455
38.234938712459,68.2795571600915,10.972454
38.93323690095664,68.36766945048171,6.548692
38.82138916763116,68.37509142160187,11.593957
38.80751657760304,68.5603630763824,11.800772
38.86812532076037,68.57443210507802,10.297819
39.59597700564482,68.40866522722013,11.9300375
39.45055106811293,68.47336765807901,11.586122
39.6574311293936,68.58195807478036,11.953207
40.17704580097614,68.69101359314246,9.871782
39.89630425301817,68.67440588631193,10.412117
39.88115180924281,68.77864278440559,11.970857
39.190078267289955,68.58603230427335,11.100828
39.24268279979796,68.72657022917643,11.878713
39.676564791262585,68.91213969306807,10.99055
39.518525472437325,68.92657042004237,11.630319
38.15734062307822,68.35338639441234,11.492888
37.9138663800006,68.40371018466311,10.725376
37.93890502642289,68.42687129130053,8.963481
38.54185043943703,68.72236378350314,9.102605
38.41571907415725,68.72368066298463,11.590766
37.71297304540372,68.57377603205893,11.867699
37.70249633267492,68.57314378300633,9.416995
37.71501871985713,68.61906772748206,11.503726
37.674221861894054,68.68454966712959,10.531693
37.49828879162013,68.66469508685906,11.5658655
37.52806953749371,68.76744484939158,9.831584
38.08594149792921,68.77650483351997,10.6884365
38.21370109376205,68.86608400920046,9.505866
38.09871287323831,68.90510702033461,11.919017
38.91002411143389,68.86968891456934,9.931108
38.56396709009448,68.80428583116137,11.843196
38.55495048703251,68.92405399264929,10.596761
38.75512876173639,68.96792883649738,7.972762
39.196463622699625,68.96693721188332,11.472578
39.392825453193566,69.05677797617948,7.028391
39.39894724607193,69.06371605223428,11.394043
38.98700599509332,69.05258717221045,11.956501
39.009421749941055,69.05830649817699,11.44326
38.79781178398969,69.0329312893646,11.770379
39.114385315908024,69.16199331697145,11.733241
38.95048960745913,69.17307297190109,11.146725
38.96859581289289,69.19630100366133,11.653426
38.397282952257775,69.0539961552596,11.706549
38.11401247542895,69.0004324269773,9.726579
38.270885810265064,69.11784347359915,11.709815
38.17424307853592,69.13895826899717,11.524897
38.763808928427366,69.13202874922675,10.306991
38.63676239346914,69.20466961090783,11.75108
38.88438756175058,69.23213134387682,11.990988
38.76198520712373,69.30542374421285,11.510222
38.60048826509286,69.22766698608913,8.58808
38.744633341885965,69.30297345243285,10.004513
38.561913768252,69.32243684904302,10.948052
38.57139008103011,69.35093388277853,10.870459
35.31195804002817,67.56138721776439,11.495544
35.18481477551643,67.62419870293026,11.879233
34.97584033955852,67.66898077723249,11.380888
34.57097784169668,67.72546056235305,10.463678
34.38147453593462,67.83605335337136,8.821972
35.50774873171864,67.70401453152326,10.502939
35.53153824010297,67.71161551266688,9.507923
35.59816547201925,67.7824137666255,8.630314
35.096043334699154,67.75850814981858,11.640686
35.23399310340768,67.92227724866798,10.998372
35.71381324887593,67.84419401457997,11.611433
35.72947618528527,67.86101280639299,10.221415
35.56397731608142,67.83815166100221,10.209403
35.54715491292474,67.93417628882457,10.52802
35.54651094906224,67.95331537474615,11.969739
35.512453101372,67.95475617330422,11.96554
35.33131627003215,67.94189045409168,11.338052
35.54045958040659,67.99920748701834,8.492629
35.57177993089914,68.0222583509706,11.425017
35.504901583714194,68.06956100095468,11.688393
35.18083716782968,67.961994186548,11.524653
35.181403684828474,67.9621221660817,11.450875
34.62543117153429,67.94096966134364,9.879459
34.721693598764276,67.95999628303261,11.624932
35.287958182295284,68.07432541580569,10.39174
35.33934035132416,68.0812027959724,9.439803
35.35083481851579,68.10913809260335,9.005036
35.35659118532813,68.10377552683754,11.347804
35.041451669216706,68.06474100228834,11.576496
34.964465135793645,68.07682899800632,10.704574
35.0643505995138,68.1155768906323,11.734038
35.17694886611396,68.26717395692853,10.896403
35.0294057193209,68.26549539262513,11.791579
34.38724211043519,67.94521243454705,10.263827
33.970680218993635,67.93270288014797,11.262567
33.86945867570394,68.00482358665239,11.933169
33.90487625742575,68.100483535487,11.087455
33.90543768136481,68.10045856355211,10.949305
33.781899390167105,68.10154733920807,11.047435
33.78055975767002,68.12071458597485,9.653813
33.80052489501261,68.13156692927512,11.908659
33.609880627932355,68.12738019998854,8.030763
33.477066806901824,68.14581844205729,11.399873
33.587818904039345,68.19168187015728,11.797012
34.49390744047898,68.05242157258574,10.4262
34.41969606637593,68.12035736789154,11.099861
34.57289476756754,68.19666203519375,11.655949
34.449730086451254,68.25599647190789,11.534518
34.65409640188231,68.35578861814228,11.101669
34.03514555451224,68.16221164024618,10.152007
34.01637917280886,68.31026362569817,9.755422
33.791770795235315,68.3749672515395,11.622329
33.88417928281778,68.40088567351471,11.197122
34.50558215667996,68.42919392694124,11.231153
34.13591339820352,68.48553605296492,11.906064
34.124898001636105,68.55249838954173,10.365433
33.45479418795597,68.26568026434497,11.957505
33.13242097512269,68.30474640630473,11.33503
33.130367767089844,68.34801264797689,10.108912
33.29480679650401,68.40087239434831,11.549519
32.65951858892333,68.5360458326087,9.943732
33.47894849402198,68.37295298184405,10.200913
33.49979882975982,68.45857228785273,10.574172
33.23955092776439,68.47939511515297,11.828497
33.306343005073195,68.53515993522602,11.930172
33.365190373884865,68.62514726638405,10.583226
33.737568546933815,68.54445760267282,11.736657
33.84517384659623,68.60086256685301,11.359682
33.90683909186096,68.69317669305418,11.863735
33.68544056698435,68.66665196229071,11.684588
33.81446249646018,68.73830327085871,11.561018
33.11752518223892,68.53055134720084,11.6577
33.13932912221578,68.65256084260817,11.367508
33.28978659243351,68.68009759603392,11.722743
32.82382520475227,68.698778489178,10.594615
33.298360222904634,68.80573803717151,10.305063
33.39471136288032,68.89511870205335,9.652739
33.18314291668605,68.83298080213567,11.495826
33.157760082560024,68.9555692097465,11.329475
32.65295847588966,68.78299982261956,10.126367
32.39723652377555,68.8097606524056,11.706002
32.44995723001099,68.80735874108193,11.190143
32.681860307856475,68.83980426755316,11.002195
32.25982057145433,68.81036686847276,11.93869
32.44682636939007,68.84444252782298,11.48918
32.810126025514904,68.90381746745038,10.665121
32.80078877597691,68.97000444880833,11.327819
32.99405161754653,69.0896978905549,11.7666445
32.655552741660564,69.01786182009147,11.616249
32.6233172588005,69.05967008171145,10.541973
31.9950898765668,69.16544106509893,11.24454
31.894939809290232,69.20461230414762,10.533637
32.39727620486932,69.09214494505358,11.278818
32.41964103328761,69.25761172756314,11.805625
32.144702666772226,69.18519527491914,10.293165
32.204711980128366,69.34679742217561,11.237746
36.06728005787633,67.99479692225981,10.602156
35.73588773365313,68.05332273908797,10.287946
35.70282870204819,68.05828622491553,11.388606
35.73109781186441,68.17924076690863,11.544787
36.25216610421143,68.2050865683102,11.555119
36.240970963424495,68.22602903888738,10.980533
36.41200825374037,68.29587222586932,11.317313
35.55120868192761,68.26356745894716,11.780865
35.747503281043116,68.25383968831684,11.967913
35.26005060310228,68.25457206983074,11.632665
35.24609166477696,68.27143703464692,11.228672
35.420384389380075,68.42312963189225,11.819487
35.646397904330904,68.4232498218297,9.209502
35.74388047826143,68.49747337931578,10.669632
36.713331564235204,68.53725423898636,11.143069
36.745572408630984,68.55173909211824,9.616815
36.24656987844904,68.49070643989603,11.686225
36.34970149833937,68.57073550949933,8.938107
37.07179528627171,68.65629999406168,9.046742
36.6912779397153,68.63594939294035,10.700401
36.61678497639678,68.75973828746167,11.428884
35.98814573403289,68.58905296249972,11.392631
35.97128147414229,68.63387223238277,11.104843
35.918713500735855,68.65286214091408,11.865556
36.10833645709139,68.7991091368087,11.299611
35.92969686812932,68.79727622193342,11.181123
36.612665952305015,68.83512133959688,9.181489
35.066295104808496,68.34914758267566,9.345722
35.14779485185054,68.50376586810502,11.900876
35.123561582005635,68.56663991781852,10.667634
34.81617693165311,68.51068308552777,10.991592
34.83675525039582,68.59118841635805,10.848578
35.44318727363175,68.5418349755738,8.841898
35.411496997897366,68.61061049756806,11.932777
35.41723699159377,68.60973772187707,11.257002
35.45425255134463,68.72351224959732,11.426624
35.136441122719496,68.66004585358958,11.733193
34.99713566146001,68.71633566307008,9.294637
34.63086518385653,68.68322097932185,11.445474
34.31764763135698,68.71125020252032,10.519087
34.961954722451274,68.85871933040549,10.100411
34.917579629887584,68.87017290467112,11.718801
35.02956357959738,68.89887107533356,11.529938
35.72139488578131,68.7618816892727,6.952911
35.36167320780122,68.87137479206942,11.895753
35.58963175566037,68.95429313271903,9.814801
35.72828136077085,69.05509722909997,9.556597
36.00550324566893,69.163004593069,10.782782
35.25677518168421,68.99334205618082,11.118246
34.914859428471914,69.04908588480802,10.740906
35.34329053178846,69.15849179353225,10.927621
35.387759935294696,69.19354588542197,11.030952
35.72948656884661,69.21799131972146,11.978422
35.559480743336266,69.24249661403779,11.636263
35.62839803882139,69.2426187812025,8.267361
35.289453466139115,69.21918034632506,11.538311
35.21405270778342,69.24953921990537,11.613002
37.26436293953266,68.8858903264153,11.188793
37.55805560626029,68.88188395253255,11.035659
37.69175740234196,68.96957686011002,11.648875
37.55691305120829,69.10635808249505,10.697495
36.97716198065419,69.09016200658188,9.99284
36.40300717379673,69.05463882029888,11.089716
36.446221991789784,69.09330732483954,11.095036
38.00045728541778,69.12737313603924,9.808643
38.09239748988154,69.25034030260383,11.934853
38.36494606955919,69.31628437851003,11.663715
38.42517412640831,69.36475673196495,11.362898
38.45659831807906,69.43755319269039,11.767903
37.93849311063802,69.39205577461212,10.723225
37.87592523233044,69.47459284746486,11.010974
37.46902138023891,69.28178224724053,10.958844
37.65104213165193,69.38405031025076,11.737909
37.69312493809349,69.4415313182145,11.751803
37.178253001127295,69.34424473391978,10.3818865
37.30032927170432,69.48049183896524,10.977853
37.360951403971114,69.50114754619663,10.399738
37.19662925622818,69.49236337148982,11.663019
37.82827283146332,69.53500616507164,10.335484
37.87997719923848,69.63962169158881,8.558385
36.00972687881775,69.23072108126034,10.474222
36.84382754087452,69.37291792946434,11.104487
36.78178490521624,69.39574484286969,10.91314
36.75938361302392,69.46542531097444,11.480835
35.627975709635685,69.35887342816653,10.6256695
35.82209682008394,69.54131894605896,11.187342
35.571416200870814,69.50296285680676,9.515854
36.40743450781018,69.6055308884723,11.534051
36.24556209021464,69.65264268600352,11.900679
35.87879159817745,69.61164181266744,11.841103
36.211670005485,69.70579361104112,10.485529
36.90696875054608,69.46962460499454,9.748565
37.017622351501316,69.5465309419459,10.924216
37.06962961629294,69.6949625445911,11.166627
36.78510341798706,69.71025805808846,8.022661
37.24336523251989,69.70476933983552,10.823572
37.10350409765312,69.69467520370668,11.3708105
37.410855760381644,69.74566487375597,11.427107
37.05914153177677,70.00784304656781,11.4714
36.69699669882855,69.980378310637,11.294136
36.7796438215995,70.02874741851612,11.937125
36.70519687139262,70.11048945496314,11.3263235
33.945230558941944,68.81724729972211,11.54746
33.77196636272775,68.93111426042398,10.270993
34.09276069578827,68.9416574766519,11.823886
33.99985184762777,68.99047949493504,11.707934
34.03264234245548,69.0161932797531,11.428641
33.94155213071215,69.00120555870936,11.592589
33.90479282215078,69.02302551816476,10.334257
34.1761993961856,69.13383906005528,11.75662
33.75185428184528,68.96327123263033,11.462466
33.3328205583217,69.11374207821382,11.267515
33.66684632965346,69.15030972917204,8.976199
33.31887397178073,69.1473272534475,11.508863
34.06878086430191,69.22125397956839,10.033887
33.680842776748136,69.22675623138512,11.683384
33.79631517340544,69.26461099603644,10.298599
33.68152266748044,69.35130999844849,11.841955
34.90189980697634,69.28566016129083,11.967956
34.7057385820531,69.28030051821861,11.816679
34.77471404721511,69.33119643997314,10.7282915
35.27984369230487,69.40005741256584,10.932512
35.09356876459788,69.40350780949596,10.854342
35.14869405574021,69.4303265738723,11.814466
34.85862894330182,69.50058832837712,10.356204
34.32268128513074,69.46558410574671,11.741693
34.0373152054361,69.38003714397817,11.186812
33.87887574495717,69.46942685616483,11.470606
34.09757674893376,69.54621078813469,10.009528
34.584726846528525,69.49972819813576,11.71182
34.67394611069446,69.5113241933314,10.712364
34.44108694642052,69.51736773007295,10.986377
34.788076333350396,69.61496075001229,11.493277
33.08473607665921,69.10909405158287,11.814347
32.775171685989314,69.24792621164285,11.993017
33.052901586902344,69.24612647826811,10.78134
33.02417266290758,69.3664087944897,11.263789
33.33652648200248,69.36721520524179,8.109539
33.58456406993372,69.43366979018708,10.940158
33.241264668766796,69.38420189161658,10.075533
33.16511975849345,69.46186118214077,11.809024
33.16456961521414,69.46214208676219,11.901192
32.431467325012086,69.42637005751881,10.324258
33.00110220887884,69.50117497427392,8.825167
32.93336932867706,69.55249080855911,11.456691
32.680542450257754,69.58968983900007,11.196
32.880988301697954,69.68086413841682,11.767043
33.77518173903084,69.48924371714273,11.925237
33.721261444390116,69.59623222780723,9.120314
33.73769062861341,69.60112375615242,11.018204
33.46822249009884,69.58158400377859,11.5320215
33.31936468304625,69.65094351882662,11.466216
34.033062327464975,69.6954549697551,10.870088
34.27019377479774,69.80934781035835,11.047527
34.224653677681644,69.83243605974431,11.208634
33.8401480928205,69.93276957365727,10.3918
33.18306204149815,69.6493172159831,11.00975
33.13294891048028,69.76042639534722,11.867617
33.302225284014625,69.79770201915221,10.945878
32.760592253787024,69.81431530768181,11.556176
32.93073934892704,69.84157619460208,11.628164
33.530335833748765,69.87618064699365,9.2854395
33.381661395384924,69.86885360967833,11.743177
33.412534265142114,69.9756859077985,11.850363
35.34153781829477,69.43503953722158,10.6825075
35.458817747070626,69.53436665985824,11.625659
35.105048362477646,69.66937088144118,10.337211
35.627448763329326,69.79782320299698,10.4543915
35.7054150308947,69.8220745477075,11.426703
35.248234551117505,69.77626986062808,10.551136
35.37911440430386,69.80275886227554,8.974051
35.72805537080846,69.89075556071901,10.623008
35.51174631759257,69.8932540096119,9.971036
34.84064210979179,69.66288029174679,11.9396715
34.85291713429343,69.68532069473382,11.8375435
34.886049916373736,69.79159463644255,10.4536
34.99601292075521,69.83052322900177,11.264884
35.16064183595308,69.80881206095121,11.94186
35.22771219576022,70.00085801807768,11.699322
35.86125661977407,69.90590342086809,8.479272
36.22096540420613,69.9490703049507,11.908618
35.683666091183184,69.96495015835268,9.901394
35.868608756714565,70.02200758581799,10.087195
35.980511863892254,70.05149782111195,9.005545
36.03209474714055,70.06807462127206,11.661209
36.09943338653278,70.16685055906551,10.327832
35.985201929529154,70.214137203939,10.231524
35.78854380734546,70.14670825936182,11.346025
35.332963109746174,70.1538448554376,9.69993
35.299716282077995,70.17329379009874,9.04319
35.30438176321205,70.21954912929294,11.958349
35.878052591753345,70.24579071257841,10.2484455
36.04528911692201,70.29684610359405,11.781607
35.770040570008064,70.34322836925081,8.347573
35.77042484688929,70.34308242928839,8.304368
34.581574832048716,70.00301113389453,11.830116
34.133771845878776,70.03658169649101,11.463815
34.67363218166358,70.05886303238579,11.038146
34.52578143236871,70.11569332238749,11.678175
34.71823581834936,70.14017264140077,11.8601055
34.474392256217094,70.14523178861263,10.79314
34.280215509404584,70.18995925473615,11.063788
34.41115661380722,70.209513596846,11.271019
33.6655160903721,70.06905107270973,11.877009
33.64074210699965,70.14877229249663,8.978474
33.43719806677964,70.1353070564775,11.717604
33.451914216552005,70.15674292035257,11.477645
33.4762721175004,70.20836413657996,10.847921
34.29388879153265,70.3959787375363,11.16916
35.21235225910797,70.33228831788895,11.817082
35.300626987302124,70.34347864332541,11.517993
34.79487691929433,70.39794338802118,11.970723
35.41594813398096,70.42346332392057,8.45217
35.18252182310968,70.47705725534279,10.517233
34.46759012529689,70.38846579432979,11.44882
34.10666763192082,70.49275420512488,8.71016
34.29783505377277,70.50804562844098,11.029985
34.330315806895705,70.64715129177266,11.942501
34.2926760045483,70.68968286703942,11.927716
34.75175029410134,70.64250290129749,10.590501
32.04102353991738,69.43489646615417,11.77158
32.209685439821115,69.55152771159773,10.271644
32.08323735990398,69.7147887681957,9.8714285
31.91413214599567,69.74848024220937,11.897966
32.48049534649008,69.63960293371876,9.824803
31.994374105788893,69.76756863189865,10.203051
32.265966265654725,69.83947577801095,11.77704
32.18222312123566,69.88651707298546,10.395163
32.125805433951754,69.8852775935535,10.200046
31.5304745375563,69.67857027542141,10.74866
31.80332970319327,69.74396273902256,11.514383
31.548999105312117,69.78767459271731,11.751242
32.04433154453709,69.88123171520448,7.803414
31.77562878759181,69.94363422750153,8.815406
32.152709782672815,69.9850101356101,11.821069
32.121390695037476,70.00702823744848,10.756519
31.866786219519113,69.95285974854978,11.534483
31.852038257679784,69.96610675791592,11.9751625
31.668656354821955,69.9604547422266,11.404037
31.445632850543465,70.0130781611778,11.2638035
32.644306492803814,69.90704996268542,11.559931
32.48398322989803,70.00815296212592,11.249405
32.6231109981899,69.9924605430148,11.275352
33.03410285729507,70.1458589621159,11.775035
32.66395014364533,70.22080297781997,11.541519
32.202938078148804,70.03629024030157,11.459315
31.786476757839992,70.14711045354943,11.040469
32.0809315350519,70.24230831643737,10.249582
31.934571918767322,70.29440322158824,11.909733
31.914276493467206,70.29537548042592,8.453283
32.38797199154239,70.21782897360059,10.937649
32.36938620510074,70.23777451609084,11.042787
32.53236521834547,70.34854364820222,11.850839
32.198918562085254,70.33795279312783,10.830489
32.31842868076611,70.34523834239253,11.913067
32.20383363767399,70.34792834009669,11.013091
32.298341718563805,70.37760651241044,10.492299
32.33283282509712,70.44443029835851,11.947213
31.768759539275592,70.25224162671513,11.857342
31.759080610811733,70.30180575626984,10.815548
31.418401106318807,70.30537535607412,11.570688
32.00994797762633,70.42635452834857,11.886053
31.87863075731278,70.4807008704117,11.969921
31.827413556542513,70.52117964929406,11.3061695
32.23209579148026,70.52674884804605,9.389608
31.574805683740635,70.48400410269726,8.779448
31.673050312285987,70.54147890783237,10.8984785
31.728802385494863,70.5908584446581,8.945439
31.881725977517064,70.62048224210857,11.407655
31.654409372261497,70.69385684863215,11.456168
33.28861122991627,70.23774897444795,11.606967
33.16814945579745,70.26144528212735,10.646397
33.41390878842415,70.4049482277928,10.72348
32.96371532493061,70.29756961343516,11.048855
32.88439058620313,70.35459850140747,11.75244
33.224240799344386,70.36392530855237,11.977742
33.10972630072661,70.39901506139665,11.429832
33.45590427593835,70.46277656857099,11.161758
33.59174242477039,70.46405016181154,11.939313
33.7968312547984,70.44649161736606,10.819427
33.831869926769855,70.5407075270805,11.6575985
33.27361528274809,70.49841992649085,11.468214
33.570050262633664,70.56893577622809,10.8040495
33.622721715269755,70.63433988163322,11.9024
33.58694903284776,70.64041438585204,11.981632
33.422953905301824,70.61956097259319,10.975469
33.421759916544374,70.61929592900086,11.914144
32.7030179027725,70.40136976488586,11.537068
32.72265935246635,70.41936440393343,11.615508
32.89500686998469,70.4828683642311,10.549357
32.90964351252476,70.51409430650388,11.759255
32.98868099853522,70.54275603670624,11.737981
32.72952398198979,70.68334973766237,10.413207
32.62925576213908,70.75323737342282,9.946431
32.80376445958628,70.75732393254572,11.916483
33.95396089420709,70.59344632036246,11.796961
33.868349543285554,70.68158726347453,11.299439
33.83769175661923,70.72788571547372,11.230514
33.62439779325505,70.74187425998518,10.963011
33.957202672505545,70.77974717676717,11.80714
33.75327112929707,70.88813905995444,11.751413
33.342537513642704,70.99400159494796,11.644678
33.623889942135385,71.06054387207926,11.800255
33.73078439148573,71.07128049607107,11.572482
32.23473442207168,70.75958386763047,11.3366585
31.89234244386556,70.66987034208267,8.950182
31.983164711294844,70.79144977469531,11.868589
32.33003930530219,70.92720908891937,10.446529
31.553423061184247,70.85437667213952,9.021227
31.5588830012901,70.88537550479778,11.406547
32.14128277758213,70.9853917158907,10.180024
32.87470028720279,70.96126386050197,11.372645
32.73657927763707,70.96370791878292,11.09488
32.44185294028834,71.11526763098529,10.925288
32.76557698147301,71.16852248777445,10.182587
32.93807838360575,71.18632255213778,11.93351
33.41905700807045,71.2948379161861,10.14448
33.296962531232786,71.28524241584178,9.13073
32.283274240087785,71.1788058702623,11.747048
32.234573522121195,71.18951141946252,11.923816
32.27049648969155,71.23353684598803,9.713935
31.938668690467846,71.34093693262065,10.055071
32.17394473223547,71.41181653092171,9.356443
32.48879886467598,71.36496816432184,11.149216
32.52111331524976,71.40002259790161,11.104671
32.577811598051014,71.54072493156343,11.033909
32.288730556016894,71.55094419496288,6.4476395
44.03090272433828,67.44086050330954,11.782037
44.08850248533584,67.4594434906665,11.122037
44.147511287691344,67.49770442525174,11.781469
44.29373832592986,67.49590110405332,10.844973
44.29167941538872,67.51672223061527,10.294592
44.812659611521006,67.59064436860031,8.841868
44.63137936032711,67.65497560158086,11.169592
45.031421899372276,67.72706298232737,11.548145
44.654856475108545,67.7569443295205,11.092444
45.07058491148171,67.86948621382612,10.541349
45.63808284629329,67.87293116893338,11.961975
45.4618955123259,67.83190727048918,11.826126
45.58955191317094,67.93766721441618,11.363048
45.570050382120705,67.94231549002646,10.137972
45.32362843780745,67.94800702205414,11.871154
45.9439700898602,68.07906051673679,11.939258
45.62195829860105,68.11821763711328,11.669708
45.484294721023005,68.11834516938107,11.537167
45.55028049718074,68.14092755225447,11.36213
46.34985383482919,68.10590614195009,10.878574
46.54723164300815,68.2180482373651,11.121294
46.386954060409245,68.18524101677329,10.926828
46.78168648643388,68.25692437827625,11.314385
47.06587275338762,68.40261565851497,11.025647
46.39349882672552,68.25840253353914,11.60935
46.34979145807545,68.27533026431671,9.995802
46.093170129900464,68.31129039715367,11.131267
46.03089210646451,68.33013660444173,10.981006
46.076705438072295,68.38683309796956,11.9214115
46.44599489347151,68.38954277967801,11.520336
46.688556002265855,68.48513183307115,11.623756
46.24874801401065,68.53371995430531,9.084853
46.58464633410752,68.58397555359225,10.711994
44.02346273451156,67.45935208674418,10.642785
43.90639732000513,67.62502195272911,11.063809
43.05754545237345,67.53773832631636,9.493186
43.20105177638453,67.72803024789991,11.296667
44.088988477337324,67.68443005708609,10.256252
44.153047852993275,67.78616571258813,11.84885
44.20286294632634,67.85235566752029,11.811182
44.61805437226411,67.9313355160607,10.968073
44.790305599491674,67.8987310050298,8.587547
43.860647557359805,67.80393341471807,9.413439
43.90795527769427,67.85384083175947,11.554599
44.28423739580387,68.09140721438872,11.140968
44.281634213622425,68.10192248418782,11.622847
44.53686199041142,68.1122809333489,11.2928505
44.38458138800655,68.16018149685493,11.212913
44.13898732439042,68.0908350451872,11.613664
44.23262515514521,68.1778574911166,7.171096
44.19352549716214,68.21364237475508,10.045112
42.91038784326924,67.65390086840159,9.5284195
42.87835080518889,67.73725398746501,10.695555
42.88668802369931,67.81500095908497,8.714512
42.86513947255428,67.84868353828844,11.564937
43.32018303199623,67.86918417067753,10.755019
42.94319524702567,68.03464419101728,9.292275
42.42653373121356,68.01130021458181,11.8251095
42.50379141073515,68.04396253756215,10.029946
42.25344821198803,68.01312955139979,11.868806
43.510030709207065,68.46431243196828,11.937036
45.20965175483396,68.19151471434795,11.510121
44.852255815591136,68.08808848689233,11.3381605
45.481358873685515,68.27676840564035,11.85906
45.19457385224171,68.31301777884268,11.887657
44.5747477055856,68.16053250067019,9.960295
44.61461942393122,68.18272962585633,10.252812
44.77621705063227,68.35708408904333,11.141124
44.45296322830399,68.25920605455207,11.998359
44.43160525429277,68.29157373619144,10.617974
44.4512658594695,68.32989738773477,11.46241
44.76525913317413,68.38704293898117,10.99033
44.9617247525309,68.54345118072138,10.68915
45.62509022717392,68.41468471141317,11.08767
45.96717050863842,68.513944436036,11.023705
45.96661357275595,68.51424778494972,9.248285
45.570681172729046,68.45467224195129,11.833827
46.185193526740825,68.5114787824392,8.75207
46.29152502735869,68.61290458406091,10.9159355
46.24955932533883,68.62573251123486,11.634563
46.118905695157565,68.63753190426067,10.928916
46.35443380627076,68.64154030826498,11.20127
46.45332881491335,68.6617188879623,11.779491
45.69087652784155,68.70798029888572,11.531608
45.1562137378355,68.66300204638364,8.223788
45.22067703166165,68.69491711367662,10.9253
45.162569769170645,68.72772548018864,11.665442
44.49089171655098,68.54389216531636,10.433061
44.462846077891506,68.5399636974318,9.787615
44.07235345423911,68.4354081507745,11.804777
43.92763172412304,68.48020548107712,10.169428
44.70281399274459,68.58583880080897,10.984038
44.583416306815074,68.69644853365129,10.785201
43.783948825077495,68.57927073861065,11.523058
43.637070204634604,68.6473417739616,10.048802
43.62026801129107,68.69927021535285,10.973972
43.84142705977401,68.70736006101215,10.575679
43.99120128901972,68.77689696819142,11.200345
44.20359102868011,68.83591843984571,7.745269
44.14939887217757,68.84267960659915,11.457733
45.41932839505553,68.97567656289507,11.801542
45.70940742619006,69.0871448493004,11.4971695
45.401185624497785,69.22992429050605,10.187269
44.50559360171034,68.95172254844047,10.867582
44.531967828903255,69.05850682814032,11.8192215
44.37401363961902,69.03968474132543,11.836168
44.58930385043846,69.1888329248193,9.026751
44.53395678978965,69.19299292752297,9.822453
44.53078081754943,69.19286166061211,7.7840962
44.92599576454689,69.18051718428912,8.246489
44.93401675315234,69.22031205400175,11.947626
45.171801098988276,69.33607525402817,11.216489
47.29681054134995,68.4753012562025,10.5638485
47.1132951333257,68.57941780243418,11.330312
47.4178571921878,68.5781176302442,11.744863
47.435780490012576,68.57465689843997,11.614414
47.583708061134594,68.69605799366786,8.992928
47.66351184633907,68.82348656941483,11.360582
47.050124364352705,68.58815865737785,11.020877
46.74295142219576,68.58737320157985,10.6849375
46.68765725863813,68.71648822327074,11.921603
46.82663121591301,68.77978360321129,11.568463
47.230358412391546,68.75391174283615,9.748286
47.31994238567464,68.81837899789039,10.370453
47.314108959137755,68.81903403335721,10.276061
47.649848586571025,68.86620554964952,11.47891
47.5116231160313,68.96791963010621,10.282876
47.94044288799245,68.91312045132989,11.502182
47.81307873623156,68.92671809470475,10.636694
47.71854271877538,68.93076698090239,11.904241
48.36265991191197,69.3008670347954,10.366287
47.95293802330898,69.17483080404796,10.82859
48.14020499792282,69.23721473573265,9.061098
48.040584257203626,69.23628374971935,9.742557
48.120323554334114,69.27759395960585,11.037708
46.573963912399456,68.87223494626726,10.165423
46.987999109322175,68.88039698023847,11.063805
47.28867671757406,69.06473481209119,11.929902
47.22276030152734,69.08172133653966,11.176707
47.183353644902986,69.10364946418792,11.035222
46.82028638733902,69.03170567329337,11.704558
46.75322584627732,69.07692745569203,11.417676
46.144026054708384,68.93691857885817,11.271423
46.335876800140184,68.95611047657523,9.331344
46.357857452979516,69.00958147686312,11.936084
46.33604914740415,69.00834570856158,9.967828
46.22063099413796,69.07224690586632,10.025391
46.46759111132345,69.10809236702251,11.440066
47.394709213252845,69.23821782941685,11.651024
47.74032111835192,69.28058393290384,10.019272
47.92858635510948,69.31768423314222,9.046421
47.682863245613156,69.32413143584391,10.827746
48.020064175137044,69.42289822047192,11.57056
47.8727641221992,69.42179705706712,11.195865
47.11638425496031,69.31422043668009,11.658417
47.04872172037121,69.44008899176868,11.6385355
47.03701287625517,69.60113008428476,11.970692
47.6017002234174,69.56403917766585,10.847877
47.44315075827185,69.64119909305387,11.527695
45.70962302618961,69.13533894713734,11.534911
46.01935029119938,69.18579673998897,11.254142
46.04243950375475,69.21991424968063,10.890285
45.64424145980703,69.22872427421882,7.8800187
46.19321723522848,69.29026766932266,10.855377
46.50894215150172,69.3870776128175,10.21216
46.364493595970025,69.45519641831673,11.793627
46.052350144869294,69.36227456382622,11.637844
45.60139406163826,69.35042118850802,11.842319
45.60725851244187,69.38890261482801,10.88507
45.14160666718681,69.47766590411699,11.334409
45.968180936470986,69.50284936574882,11.28214
45.718177745027816,69.5262745994388,11.3170595
45.62526451593294,69.65200918909767,9.117983
47.05619015653582,69.7314747873342,11.9674835
47.25376671428394,69.74506544624626,11.802947
47.333800621499385,69.77616018312118,8.267729
46.18560114193411,69.7290852732246,9.962516
45.93680668489172,69.79089208876474,11.979869
46.6180037068794,69.89401049377969,11.067278
46.31163953247615,69.95707338110684,11.564387
46.63581541462257,70.00025278253445,11.53347
46.64874865342733,70.04093602129426,11.561271
48.20600033593047,69.43478208782314,11.900734
48.150814675172775,69.49177104954181,11.907617
48.400951935779176,69.5546139763951,9.732591
48.155801070581454,69.63343514946963,10.992084
48.360507309078606,69.67967053303785,11.3932705
48.60165479602809,69.69092252278932,11.804512
48.62091529060124,69.83226002308275,10.544919
48.642090698610346,69.9132320397552,11.723201
48.562976580555706,69.90348329137508,10.575252
47.867785267033895,69.66114222309206,10.906327
47.92316864180013,69.7110000710059,11.137338
48.22533342182017,69.77799740041,10.858762
48.134777677574455,69.81715951538506,10.995596
47.72129908276801,69.84263702154111,10.918305
47.63982219663269,69.8303867654397,11.243755
48.60213978047962,69.99466143621845,9.98161
48.467498155444204,69.99666916510733,11.235134
48.112101050987185,69.94289384231158,11.154314
48.09299840246679,70.00587859904873,10.964034
48.25163336290243,70.04588548647345,10.613855
48.67463583490742,70.08662886519188,11.254974
48.6744470739009,70.21412022818491,10.571902
47.41927694090829,69.93760381284532,10.908169
47.485318126272674,69.96824523737061,11.219861
47.42760609338497,69.97797126228063,11.515655
47.43376652013373,70.00543102285194,11.740183
47.93973971433653,70.17901168081416,11.572976
47.85137500047816,70.2357854833521,10.855293
46.847261472648334,70.11817708411766,9.235458
46.83818597630371,70.160001432258,11.658157
46.90636875829313,70.22222547313923,8.176773
47.82672456297109,70.40390665315172,11.187013
47.81114933638243,70.40726227785666,11.532101
48.58981198966509,70.39260008723149,11.554595
48.33776966506189,70.34649901596556,11.336491
48.758857734454665,70.50334038681338,10.0273
48.57205300024443,70.53616908317625,11.603227
47.85332795406415,70.43770720073478,10.652354
47.74622719026127,70.45734098341298,11.580627
47.88179072854351,70.54097559109711,11.297022
48.12743903900329,70.61750539470351,11.951951
48.07018939236687,70.62442843240505,11.570683
47.982175210327675,70.65138554216593,11.909812
48.420668656364505,70.5660555125743,10.428767
48.146713721604705,70.77144989358948,10.503915
48.173129451161316,70.7738159564167,11.755028
48.42028871147918,70.84638642695779,9.885927
42.46976504829352,68.21138152746278,11.197876
42.25539088207239,68.16958050094111,10.5609255
41.561150952373254,68.17235574670956,11.368149
41.86236011365142,68.33197948860145,11.113244
41.93373634940625,68.32628063697256,11.154142
41.70945563809957,68.57453608699865,11.180267
42.714388575770975,68.4379535548958,9.919982
42.5024731174528,68.46860490703874,11.304404
43.34106307521755,68.6273464031841,11.622335
43.108701225358466,68.78299933256486,10.423658
43.03772646223627,68.78700367853456,11.608094
43.0134599550282,68.80665408395967,10.932962
42.281168795776814,68.57141445942896,10.334088
42.413251066685966,68.67236393859422,11.732222
42.41233480257987,68.6729163780317,10.390674
42.41745261302034,68.74298564979075,11.133128
42.355110559547086,68.79066814952283,10.087894
42.309922349831034,68.83397545736234,9.910935
42.81023355301642,68.8311563675141,7.5904145
42.952657552514935,68.88266284342095,10.387256
42.435896117297695,68.8170160548752,11.335531
42.604055837213615,68.9844769134587,10.989807
41.15459937194071,68.36703448827552,10.937834
41.30738131765403,68.38131976371763,11.42617
41.247287333067725,68.40435966446124,8.970544
41.28907003762803,68.43561164047296,9.723767
41.11957568864115,68.64658185901439,8.020094
41.42288016557507,68.62961180925102,8.925931
41.4649026939532,68.72536165642184,11.933588
41.61741237589019,68.7727681258374,9.911573
40.87958791869196,68.65273119282986,8.8196745
40.83368385842691,68.74781630454548,11.831638
42.18406103740725,68.86703199486779,9.410704
41.870802602256134,69.00057931210306,10.944508
42.11605361112758,68.98279321265575,11.673318
42.155078931892135,68.99589429463376,11.196178
42.218885085449145,68.99546807295819,11.524869
42.43361047321713,69.00008554302053,11.282256
42.12766943147891,69.05532051612539,10.074567
41.690491857741264,69.20944855153998,10.58171
41.71093070473179,69.37632960404433,11.289755
43.35642585258109,68.75075757779767,9.597016
43.469913708864254,68.80341642206187,10.1561165
43.51891294176859,68.82925951708293,11.692279
43.60500915289117,68.86483501004889,10.027544
43.59250577311619,68.924664001816,11.077347
43.88925293244511,69.01330007522682,11.744699
44.00037128541505,68.97565026999094,8.722486
43.53294421313844,69.08768696622245,11.767903
43.647601779275156,69.10469367886121,11.238739
43.63317914398011,69.09816786762799,11.922693
42.99483489071468,68.8884657149681,5.731104
43.10771188076698,68.95362079631555,11.755417
43.078750927632456,69.00859848426234,10.768461
42.66462617783748,69.05939811901175,11.3422365
43.434443314709966,69.10134294049459,8.788493
43.623918223611355,69.16878507818886,10.718184
43.62566869363293,69.25752310359435,10.197914
43.240516676797306,69.31042354665817,11.869643
43.36200912226829,69.39428383628261,10.267603
44.22859192653968,69.11499069379215,10.020624
44.31240821354804,69.31612143998582,10.506893
44.04179129456333,69.32069635336057,11.510367
44.534210360118884,69.31255717949979,8.944079
44.26230146091216,69.4087732055768,10.779342
44.34260348923624,69.46539502784837,11.087799
43.72942633574663,69.35454867463123,9.8124695
43.97907647140433,69.6543434552998,11.73954
42.48965464060395,69.22100677425495,11.832847
42.49787250777774,69.30429831913021,10.79248
42.67316704890429,69.45808459401388,9.429056
43.016355805230546,69.44710102685349,10.854505
42.992753164875104,69.49572627700545,10.889919
42.28032914314961,69.3249868239243,11.713399
42.43226986565013,69.4123388805979,11.025359
42.17349572463685,69.59187878806954,10.424808
42.69281947528504,69.50891059408504,10.799906
42.74682478490475,69.50462879154118,9.883078
42.23132726184537,69.63445586417129,6.229358
43.42325786383017,69.54152197378282,11.4295435
43.350009902551086,69.56295817066166,11.342011
43.17257849224197,69.57750393243616,11.628464
43.24639861959223,69.5839815797154,11.440241
43.84755474263219,69.70175510272942,10.979929
43.97530347254614,69.83595605994415,11.552126
43.83423118897111,69.91464191140776,11.068677
42.992970976633174,69.72764712676928,11.158282
43.234624831638854,69.80432164178909,7.746105
43.03328883963788,69.79398578579323,11.237146
42.872746978225564,69.80043035576819,11.97144
43.276189349595384,69.87247256799056,11.429729
43.70011910862083,69.97017602610964,10.76488
43.165633014410574,69.98245619478807,11.4684515
43.268523600792115,70.09907416081711,9.886786
40.357108104626754,68.68835234199912,11.66405
40.26971828046193,68.98482947520792,10.699683
40.50720389973548,69.00175866898499,10.784154
40.29540468693855,69.04230790023635,8.640162
39.79312053670301,68.91716714019256,11.972325
40.008536372377755,69.05925548480776,9.160414
40.117815980192,69.13741373225646,11.663547
40.3685752930075,69.18608983248852,10.763289
40.1598037492836,69.23310183686836,11.846745
40.165819605523424,69.33868451865278,11.609058
40.019835285098814,69.33357143113783,11.030689
40.13688252804126,69.37954092931611,11.687945
41.054143269047145,69.18815886516242,10.348577
41.54711440586708,69.31136287237013,9.175157
41.137237095877666,69.36318759384238,11.585709
40.47281545652879,69.43992350308238,9.587319
40.451378583235694,69.52480985430468,11.097233
40.905691137620025,69.46921730332323,11.55364
41.00397633791157,69.57466366406798,9.275633
40.92599367836809,69.56429979166391,8.913618
41.138265613561416,69.57927315392666,8.250501
41.264490513670594,69.62843009286532,11.626717
40.816320286374705,69.59328534150774,10.616675
40.86821399037654,69.7542118707426,11.759146
39.453501828405855,69.12643510295713,11.668267
39.334050392102654,69.12052441495183,11.8695135
39.224687029403874,69.28750321564294,11.15365
39.712713965442745,69.30414632293508,8.783635
39.784319378476816,69.54804572844239,11.6355915
39.106144938538755,69.45201896748326,9.323174
38.909888606714524,69.39853721345193,10.40244
38.693026442186834,69.44024927679062,11.591845
39.597372686026965,69.57635360898622,11.86905
39.513386482698465,69.54852774199189,11.921611
39.62835550625939,69.60522832542358,10.864183
39.145040288028234,69.58357243553665,9.900909
39.03102438488796,69.59374355145731,10.654097
40.093476002452455,69.47817352873227,9.60068
40.00062011544457,69.51230312028675,9.52679
40.13038330714902,69.68740333831842,11.931545
40.60082888205557,69.6675333155302,9.785581
40.40378999853892,69.70960515111832,7.5871263
40.18730004478991,69.75490014189022,9.623585
40.27189342565774,69.83050076144687,11.38281
40.253134023434185,69.85092145842863,11.533888
39.65371155713636,69.6730817141126,10.935234
39.707387918202656,69.767601565048,10.276424
39.57151844668112,69.93006626419628,9.468528
40.19823025682159,70.04668283555993,11.916544
39.936554354425404,70.11990931524036,10.020603
41.687636020601374,69.53995603187303,11.47992
41.8087412405772,69.65428346301742,11.439502
41.82041216567709,69.71976791117972,11.581403
41.72885092209899,69.70551546679441,11.204611
41.69263668759677,69.77181021056508,11.085181
42.159654428413425,69.62485252527952,11.01608
42.094447403599496,69.75988367204825,11.469582
42.40231452430964,69.81902939117082,11.535846
42.20576436535732,69.80844390117817,11.53296
41.84786888789697,69.77984381873385,11.851774
41.84053869380491,69.77748123166022,10.373874
42.11099561384214,69.8969690195434,10.920502
41.45038596536785,69.77584137698118,11.443711
41.10316316110725,69.73699679029059,9.824238
41.091266728716136,69.83132139353036,11.889804
41.18343394029323,69.90920396247269,10.266455
41.35391126026912,69.93259285716829,11.711991
41.796225162267234,69.91242488772434,10.3580675
41.70275545215907,69.93779098106909,10.413201
42.54374458287524,69.87265397446942,9.254787
42.43514486191861,69.85853654455825,11.824304
42.230304360764514,69.93377627020496,8.905245
42.17540286993579,70.00285182821763,9.940704
43.023256147489825,70.133522322174,10.508724
43.17476726141187,70.19372172978579,11.699911
42.154926891390815,70.00338259076354,11.854094
42.25827143132739,70.14787509290717,11.118677
41.884264796511914,70.24065528325904,11.29143
42.0391147546991,70.20630503204471,10.42571
42.09029668147087,70.23034012190308,8.899821
42.75105066582938,70.28332340310709,10.694891
42.724089111446254,70.30891698474306,11.749484
42.722224847432464,70.33788723093284,11.386469
40.96029380248602,69.92068373175806,10.917781
40.88134305280154,69.89323808334684,10.873748
40.58570624977807,70.01466700588482,10.181698
41.2808987213399,70.03213338682173,11.561677
41.20377416945501,70.1194161253967,11.612575
41.40570221215705,70.15053023836194,9.610029
40.374258019006064,70.13748939077708,11.6922035
40.633421906795085,70.1756473122587,11.106902
40.832365294757416,70.20040575913553,8.448464
40.884981786864515,70.32007089741029,10.220195
40.81969085554371,70.35391589907937,11.274355
40.81537281386557,70.43452468643711,11.609742
41.79166744694336,70.25521619893415,11.834105
41.55852372890192,70.24253305220803,8.792312
41.5330975662036,70.27402046397779,11.517374
41.64958091055626,70.32690513845263,11.96374
41.828583601204635,70.33027912199012,9.829915
41.883310894550334,70.35993403624512,11.060977
41.75532588250103,70.31609194703499,11.8902025
42.075162481453575,70.48956460702415,10.829588
42.33402281817976,70.49429862579075,8.25334
42.2438905964166,70.51842282293026,11.541677
42.01563168339964,70.60269641610591,11.466321
41.37735270526888,70.44887409923112,10.945575
41.377561617808915,70.44876199560511,11.139152
41.19426994109752,70.62053401851875,10.630821
41.57423584559789,70.71889336559039,11.21865
41.77445702028734,70.6825514499915,11.818417
41.78909600560884,70.69890006356451,11.529451
41.36340297839093,70.65542214446725,10.678525
41.55423762536076,70.83511851462782,11.509984
45.069799245180974,69.50193205725252,7.9102407
44.986493649693045,69.5327248407954,11.801459
44.87116669471,69.56192885697241,10.684994
45.19256485501474,69.79185073308518,11.386154
44.54074160206171,69.68453521568426,11.963043
44.70189088287112,69.81095125692855,10.355128
45.15971824293261,70.02755274873246,10.217426
44.86283782671529,70.00429861584011,11.074668
45.0850694264626,70.09786391498238,11.327829
45.92428616566897,69.85824172216654,10.46082
45.87257114664283,69.87632836607843,8.782565
45.86652743638657,69.98876446171221,10.759885
45.73964164669153,70.0050091148904,11.824461
45.56794867479309,69.98791483522848,11.082098
46.38585810743253,70.0616883596602,11.763707
45.9074977764902,70.13368204577247,10.403336
46.278474624180674,70.1930911265323,9.700211
46.270576709285336,70.20504184297207,10.002161
45.59076161563666,70.1237018585132,10.615169
45.28590444246204,70.14628837895911,10.828679
45.41651497706426,70.2192198898125,11.84544
45.9327493713689,70.2685488440348,9.932751
46.15337854904776,70.3445931488086,10.60497
46.11107239018958,70.35958193393063,10.704131
45.93972411207545,70.33794737014838,11.931622
44.07673015654183,69.88216127773204,10.990597
44.368549126302916,69.94898469800219,11.670741
44.002954641936995,69.96582800854426,11.018088
44.028586993096475,70.0006839210539,11.28794
43.90067254402329,70.00286285329084,10.516249
43.9290610797193,70.05405068703378,9.460827
44.668860096924114,70.07737132179676,11.844949
44.3405951835871,70.15459677826536,10.692432
44.53652464060893,70.2452815587574,11.714636
43.70459559379762,70.12979886031445,11.555977
44.059745008036074,70.1633731376127,11.144984
43.74602594366186,70.25608107409946,10.1543045
44.446952320612404,70.36835705740465,10.682712
44.336128639560215,70.3550581757634,11.608407
44.355385541735735,70.34595406286299,11.15068
44.102579536248484,70.32744142491252,11.055033
44.1173921960457,70.3607570868808,10.145826
44.29799236252081,70.43127149390264,11.423164
44.93692046522984,70.19823108460827,9.577894
44.76998977433034,70.3964511562099,10.364723
44.82742514818919,70.41706077163737,10.315611
45.151233296036274,70.44075035974402,11.595824
44.917406844721214,70.44596280584508,11.964076
45.44306582607356,70.4617781186131,9.974169
45.32102305809624,70.64052737068597,10.573467
44.42396979466151,70.43006752650865,11.556917
44.43895601937315,70.4533510170987,11.638312
44.674873080283255,70.56266153424254,11.689178
44.557797245842465,70.612622337299,8.416635
44.633235314138304,70.68813644981253,10.128311
44.91119303672555,70.61818404337323,11.895583
45.11962479689427,70.80453842806727,9.486738
45.06177004710174,70.80502174042621,11.967993
44.98738818980421,70.88454249335142,10.810154
44.96984178168527,70.8836620022957,11.832423
46.74604452788477,70.26317572576237,11.243782
46.62816885433347,70.24944834580944,11.464088
46.71763745142143,70.28683988189822,11.965103
46.424048339009076,70.2829429595636,10.621287
46.389150749543155,70.29433519844115,11.134116
46.3730376805223,70.3142271229445,11.501789
47.35278184091854,70.60616998492013,11.145351
46.981367701829654,70.55216897359838,9.780111
46.827597907008155,70.50634527297771,11.627728
47.09847871223078,70.57147736681762,10.089956
47.15238543038429,70.62902059111074,11.946185
46.27031649409351,70.44957165569517,10.1873255
46.42417456761042,70.5496858980055,9.768628
46.480967808164095,70.598628784719,11.205963
46.48049922256018,70.59863561307446,9.949662
46.84622211025774,70.60943220071817,11.875413
47.01436195524567,70.70317085977975,11.880082
46.504161816219494,70.67335032758263,10.891495
46.60483133974293,70.74929321016181,9.248409
46.689283153317795,70.7624603173041,10.719826
46.83105638644554,70.8081088400521,11.388528
47.650627151909646,70.60026497656516,11.401949
47.82971909546215,70.75345020660212,11.43143
47.38544303961919,70.70149393760036,10.515839
47.36264202672222,70.71695862030951,11.283728
47.689115692120964,70.78160606481626,9.049304
47.45012867962303,70.80659281040198,10.316615
47.433057784979475,70.8302283850827,11.256967
48.086048832346485,70.82170837839568,11.43713
48.32081697688392,70.91361361798792,11.436659
48.32079683935965,70.91376663766796,10.9605665
47.760050475876255,70.85723566074641,11.285336
48.22238902741066,70.98894092082988,11.011574
47.936874305203816,71.02243094835461,11.671156
47.333956083788635,70.95462514695264,10.345251
47.20994085765817,70.98589096508552,9.771472
47.835352778841376,71.04952742940469,11.227745
47.947669488015165,71.10251908156091,11.589912
47.37344101534741,71.0775639934306,11.697306
47.41551767860501,71.08192355444683,11.874954
47.26199480952142,71.0941763093756,11.995357
47.509248484647976,71.16624618082287,11.972003
45.941474295333826,70.65834369608693,10.782564
45.944457190102696,70.65718196502623,8.704243
45.8475460093655,70.69146527450692,11.589483
45.968908950201595,70.70827103502867,11.236325
45.68824473580752,70.69156291782328,10.394061
45.6188510750914,70.76640716387746,11.876516
46.571226706794945,70.87300719881904,11.725432
46.4895515901828,70.86411040296552,11.457493
46.477839024905315,71.00022435589013,7.380804
45.40798184559319,70.83754727070519,11.667451
45.18475320747637,70.91892118900095,11.635413
45.26920367390889,70.96649968217046,9.978156
45.414348777130336,71.00494267592795,10.596826
45.76281983486204,70.9905527034341,11.124072
46.07362093041044,71.09866990367489,10.7625675
47.16068661930495,71.09466563354806,10.038179
47.10723486495043,71.12142612798827,10.748184
43.62796812095435,70.44348725140749,11.454078
46.599090486506064,71.12329831479268,11.210248
46.70637337697276,71.16324995647683,11.6134815
46.83700074917885,71.22468941229128,10.789394
47.0693499710693,71.22186462610681,11.927171
47.24026899539525,71.29159481760475,11.500939
46.268094357256416,71.11486950884283,11.458884
46.29550456065885,71.20379463990837,10.626422
45.938805955820236,71.26634166445123,11.193203
46.90131890712371,71.35854687805923,11.867508
47.083335555139215,71.42567887595486,8.989032
47.06901677795997,71.4280326203491,11.448608
46.92863078618771,71.46950346530696,10.826341
46.612257884571,71.4441304823982,9.534991
46.52810040555066,71.45737196355519,10.541429
46.701208054427106,71.52018600672689,8.696427
43.27602756619002,70.2713482129478,10.329336
43.25712084415253,70.28649082734445,11.321317
43.46727155281997,70.33504985707911,11.855246
43.15987717113557,70.35813813855282,11.948191
43.78949514558877,70.51206840900963,10.0633545
43.51138330532671,70.52187021884895,10.21089
43.646061936674485,70.63179740462733,11.259724
43.19776420883532,70.55677707136012,10.586733
42.911382659852634,70.54300509384264,11.219419
43.07579723496624,70.55675605988492,10.147152
42.60615635990008,70.49142827850218,7.4850497
43.18400975159864,70.66582963746052,10.9354725
43.50448156151679,70.75407834527334,11.05662
42.95715598015654,70.69085282972684,11.298791
43.04403627127447,70.77426260114589,11.577538
43.300041284314744,70.78647316530773,10.438682
44.15682740827125,70.59838185690265,10.952113
44.435013974128665,70.69625841939211,9.665178
44.27947598317019,70.75422941891365,11.6605
44.16369612740757,70.80613734146915,11.291004
43.944153266199905,70.81642335058085,11.925106
44.601963251606406,70.86084395890367,11.332648
44.52551697531562,70.86659933599813,11.282607
44.347780039829296,70.85180145981302,11.639028
44.30274675987362,70.91112607321774,11.396669
44.69435596010719,70.98301984792259,10.763364
43.75343024791463,70.80627038641346,10.307281
43.81924974662911,70.81964534571026,11.146963
43.82253150147273,70.84840221133763,11.944902
43.70746031108043,70.81684751278021,11.238482
43.730537339699794,70.84410999213738,11.139574
43.76296525176607,70.92650612592416,11.681421
44.18540857396985,70.97617581813189,11.210376
44.22201842634837,71.06866210243018,9.737005
44.067272161141815,71.1231182953222,11.626795
44.31975512917887,71.18569780216934,11.13734
42.594850177858554,70.64539905615615,11.823404
42.566972754401306,70.7724833221636,11.136005
42.18185143999706,70.67855929088832,11.165474
42.92559766525364,70.75905042913593,10.887602
42.862611675682736,70.87558661300477,11.579958
42.72839735592099,70.92350962176295,11.838281
42.66007782565554,70.94953205204754,8.862818
41.98507607349915,70.85295641731051,11.751584
41.98533500908805,70.85315661365807,11.989611
42.05955679795588,70.99836564047337,11.517478
42.01813860751691,71.04631663973424,11.042326
42.342700596218215,70.96834845035414,9.247027
42.48962540575659,71.01727553110884,10.421214
42.317638205744615,71.01050373778855,9.932645
42.24172086199205,71.02243031156,9.347386
42.69379330389474,71.05858255628766,11.695177
42.07695875513734,71.1125973495967,11.665352
42.14620099236832,71.11401678675499,11.712754
42.45868326445368,71.19053560967185,10.845966
42.4442930013856,71.18621612071816,10.682344
43.17608519889928,71.0331705892958,11.460812
43.04307131971083,71.0997886774341,11.617163
43.67228314933456,71.17383343455762,11.815353
43.89155367557819,71.3379747334418,11.754577
42.925555325604826,71.1782845156269,9.852624
43.12032398470137,71.25765198975272,10.572219
42.47981644647669,71.2810199173253,9.294617
43.027360524394375,71.43174842666983,11.728652
43.39273418347696,71.56969674854327,11.997416
43.086150968008035,71.58290656979365,9.243973
45.249732446548755,71.02419946215468,11.611952
45.32001722061772,71.05713914581322,11.993648
45.358979796343384,71.08101159948824,11.9539995
45.586407023213724,71.16115553889342,10.936837
45.766360871747075,71.29679078154128,11.074851
45.251139618726164,71.25656487212848,10.42973
45.32711168064348,71.24160589512157,11.395223
45.28653609107148,71.253011566864,11.25913
45.541390027021514,71.33839640043648,10.01208
44.49639883472675,71.15345272350757,11.628355
44.46801468689037,71.3568472171806,8.864011
44.91463385441523,71.56387155221134,11.694344
46.0682542370092,71.3581473989275,9.477835
46.10416396538997,71.37179400695918,11.709257
46.100890833845384,71.5171781011325,11.389371
46.5718110016528,71.55899356526116,7.8949933
46.13226413905029,71.62526433875567,10.081663
46.40541670475425,71.67180219320952,10.803426
46.29579997249842,71.78986365705737,11.23366
45.32921313189612,71.59314552727487,11.425031
45.71889578995534,71.6529888144275,9.268396
45.55180648140968,71.65018405277763,10.951025
45.20448597517731,71.66253172696689,11.578428
45.861370754721186,71.86149040499828,11.931127
46.104573538748376,71.9269461829848,10.56022
44.15930303156698,71.41470737486519,10.417652
43.778194998316394,71.45073361120137,11.294615
44.14517764731939,71.56727137998652,10.702064
44.79494084551139,71.67081648880232,11.843658
44.764520487027355,71.6744474108956,11.451479
44.28450142777942,71.67579457064782,10.977294
44.41664135486876,71.70034862608244,11.902649
44.70728201247946,71.72592470928258,9.978618
43.63151469981019,71.48130063475355,10.294681
43.61705161094038,71.58419388355935,10.574586
43.46967810651264,71.62159463584153,10.095939
43.495660301518086,71.62634199169693,10.789302
44.208688797602115,71.69640058450256,11.090349
44.268323581652346,71.72775788087485,11.74871
44.07192141126489,71.77874384199015,11.956281
44.243388733504524,71.87071390675851,10.56489
43.93770924711369,71.79185115933178,9.649048
43.90126624187305,71.84550956873271,10.196325
44.2521043952791,71.9158349453527,11.556688
45.266150527857704,71.78672083371849,11.658322
45.10225381104515,71.80158117990163,11.102439
44.70609938566213,71.78181098914786,11.919094
45.593300921958914,71.8946340980589,11.796321
45.28406989589883,71.91051398132895,11.992155
45.39077799178856,71.98640624491622,10.027812
45.716944575004646,71.94106506427237,11.851898
45.606862329039274,72.0139996367671,8.52412
45.29492875699076,71.96348694372712,11.950997
45.20300836186507,71.96203480650645,11.939364
44.597019580684,71.95433019347507,11.941374
44.42845694944589,72.06088024979893,11.254983
44.5342156195736,72.15385099987034,7.9344583
45.172124914962765,72.1783271596973,11.384679
48.323704329336316,71.08728389723885,11.250677
48.24786979065496,71.20720612883525,7.8356466
48.183850842013236,71.270856750451,11.730544
47.34192344277431,71.50795839140525,8.523809
47.525689415891435,71.63244429224375,11.973119
46.707414138161226,71.69928054600045,11.359976
46.80668285901108,71.78639755192296,11.58217
47.04262402853633,71.82736127581178,11.709208
46.76729651529747,71.92191622372802,10.615901
46.76127462637601,71.91819258587299,11.219228
46.530139933873066,71.90757476911715,11.670508
46.48935028045312,72.12910589080701,11.889433
46.014419650079105,72.22371401186287,11.031258
45.916198451171745,72.31442728060854,11.8646
45.380760572743654,72.33096978059747,11.054821
38.59656399584088,69.4930665299775,11.105034
38.28490459624368,69.57036297057046,10.998364
38.224855839448956,69.59187443543081,11.209622
38.25907422604385,69.65508633169364,11.115739
38.64754125013934,69.6803536794107,10.754499
38.80370735423514,69.67953937032567,8.725259
38.75011877456733,69.8061788140074,11.168595
38.59894324668417,69.83677003131682,8.582513
38.970287609389025,69.86750345019563,11.253276
38.916213770295485,69.86206481178588,9.053721
38.917340504606415,69.88452801952201,9.616462
38.77844841454852,69.93671538218621,10.156101
38.029973718826014,69.7774811472827,11.8386135
38.06682393938522,69.78187377069747,10.296649
38.126612536032994,69.79424214937595,11.075728
38.203316655306274,69.86889689528965,10.229578
37.85055055501725,69.78749137375954,11.535889
38.085144645912024,69.82097005747049,11.348554
39.05047288677978,70.50634399911803,11.769324
37.97746522812022,69.93250182285033,8.662888
37.96819944794182,69.96483868116728,10.485903
38.339548517912505,69.91344808371159,10.358212
38.74551346040592,69.9614364982855,11.196209
38.716530925966445,69.98688294629821,9.042722
38.23505885588102,69.96054846374979,11.274342
38.0758544264289,69.97131853882033,11.052105
39.50244981108899,69.99968081804859,9.651923
38.94621028491201,69.98823599370338,11.890618
39.449796322583644,70.08730238735428,9.431685
39.62605670337419,70.14664135237335,11.965818
39.87307273347349,70.18408026054588,10.602462
39.54721822400375,70.25212200790283,11.463682
38.67472221646759,70.05175569426976,11.153681
38.5876523877495,70.07658900521326,10.156186
38.953507712612094,70.23737943051734,10.549236
38.592879997524236,70.1101154741158,11.828094
38.62922297674371,70.27269548312023,9.006102
39.12493499499271,70.22364476715951,11.472883
39.16286014314297,70.24735844982787,10.993056
39.43456729294697,70.34320972451312,10.331666
39.30698810004137,70.38550998847866,11.069849
39.282479414997844,70.42563854574257,11.392851
38.88395202094892,70.4376989632456,11.685596
39.050609006711355,70.50628763030299,11.638478
37.821724676383255,69.92021056754243,10.304633
37.32236591637788,70.04426368691195,11.722401
37.59082752777513,70.0477242433692,11.463233
38.09925696211548,70.1268783498814,7.986586
37.858254839519034,70.14851643035082,9.891635
37.67491003498454,70.23813797705239,10.839782
37.91013903496672,70.20274932246392,11.966242
37.960020050648204,70.21960442370397,10.09345
38.0385317325638,70.2783012011798,8.098893
37.85374178195229,70.25776242798602,11.531488
37.064919960415054,70.14084588172257,10.812711
37.07450689132024,70.15779858097868,10.769128
37.3241466711188,70.10904295791954,11.849838
37.34210208536252,70.14546566575136,11.693698
36.96576138556961,70.1682476999823,11.206872
37.1043268661399,70.26141835996798,11.569532
36.98298932435521,70.26470625709251,11.828867
37.45164899800899,70.26232516331827,11.201509
37.51646420714415,70.36685420068027,11.845027
37.58417003221386,70.4131349060004,9.271329
40.56710235003447,70.89017227264827,11.664909
38.34612408557289,70.22087908932458,10.797438
38.29811316017945,70.21312714943025,8.222263
38.2776612100968,70.28049824444595,11.21758
38.32794306690842,70.30648727218859,11.364238
38.00387036606764,70.33381074312436,11.85368
38.28604790331872,70.50555523717922,11.204163
38.59644717423253,70.48375522168486,10.653079
38.91179125372354,70.57805309075214,10.9918165
38.7740372133635,70.64244882801036,8.221165
38.49281395231517,70.64640872698804,9.441107
38.13668346878858,70.53145387995102,10.741033
38.12107025619066,70.55821681751387,11.360953
37.3819766841089,70.5320001574765,11.870525
38.0263630576996,70.62272370298128,11.981301
37.98038916363139,70.63154886717645,8.967909
38.024262092021175,70.64712500698451,10.354688
38.412580559681935,70.74245603313895,11.98621
37.97514012409686,70.80440281108419,10.199634
40.05789264893651,70.20833855241347,11.157733
40.141734694046264,70.27412866075436,11.851282
39.77564019472429,70.38682517335302,11.367609
40.104140542127986,70.44121480622935,10.562162
40.29385653517946,70.46126172155832,10.299979
40.00878179172614,70.52340146443201,8.931513
40.364451828259774,70.6278585020886,11.216019
39.2909443097484,70.57935421495715,9.252744
39.49310070548393,70.55833408195946,11.980724
39.491721960731674,70.671330263642,11.975689
39.883991696070076,70.65938354079215,11.126444
39.44478961937611,70.72834673301969,11.284078
39.72134769072315,70.8118322252722,11.513666
40.78930102047627,70.61880144348268,10.826491
40.99246940708975,70.7006106905656,11.527022
40.66185418023396,70.71445495574213,9.523241
40.65380050713356,70.74260701688621,11.606408
40.7697723947312,70.7761832368969,11.687062
41.117453440630385,70.76675409387714,9.538343
41.18526659623041,70.87145286604002,9.06106
40.377597688423016,70.78677822520397,11.89402
40.18251134249068,70.84297001417863,11.853049
40.17299621635742,70.83691204895649,11.872933
40.21155588196277,70.84912486347547,11.865957
39.96529720547499,70.91766529195048,10.906909
40.76289542299408,70.95557511385654,9.999619
40.754434074619354,70.9924505610811,11.561965
40.77352770017043,71.12763356529895,10.571852
40.32057878944865,71.1487677200703,11.014484
40.400564312356884,71.13879406289706,11.7434025
40.546110759620554,71.1331689069062,11.848852
40.723151386842986,71.18900097561499,11.529169
39.25507866912901,70.73223190617998,11.184668
39.3472227125523,70.73475601278655,11.014517
38.7874475443535,70.67889223796494,10.097532
38.62932557062231,70.72313687581054,11.881594
38.84119754138262,70.77950269978747,11.783465
38.95517516897246,70.7509467833702,9.961009
38.96590886759952,70.76991105274782,8.633698
38.968477251932256,70.80922395195569,10.051598
39.582701839788776,70.85995312469812,10.250047
39.60002492294864,70.90042848666471,8.479276
39.73529503769334,70.87233944801582,11.658889
39.28225204151654,70.89359758764569,11.302861
39.128230899276225,70.94142078932754,10.817111
39.425306458977545,70.9485772568449,11.097217
39.49038362965603,71.02446598078673,11.474029
39.17200879979807,70.99409973031534,11.100636
39.209438355388436,71.0163871532077,11.762562
38.53001964179064,70.7767008432467,9.9718075
38.36079759442427,70.9564922992017,7.849485
38.518242262351094,70.96769413467332,11.6514435
38.92648935298228,70.91707203803537,8.222872
38.93544588344743,71.06194331777188,11.922193
38.6589588904688,71.10030080706832,11.53807
38.63839593678227,71.16267770469152,9.827612
38.97407909342711,71.18224712802777,11.591128
39.89128873137522,70.95573494056111,9.061878
39.86615026303541,70.96387113796409,9.17554
39.671727475866284,71.05069000959648,11.574903
39.7225224071177,71.0597542422943,11.678868
39.48870814818907,71.06806278527056,10.520551
39.57376549516625,71.14739899329592,11.525972
40.29411289943717,71.32718426996314,11.335323
40.34149992461125,71.36091409621837,11.988733
39.970391028422085,71.22438362315694,7.485926
40.226720072012135,71.32199385481262,11.52561
39.149344834702994,71.2068817272001,11.33787
39.38084053150688,71.30460797857216,10.119364
39.10866785221794,71.31064748098683,11.217099
39.89381498366581,71.37107983979459,11.966641
39.783724267474035,71.56361820948217,11.278229
39.65817017641847,71.57026606132277,11.186491
39.54352511615678,71.60419644380697,11.755612
36.743419534906415,70.29213781412011,11.568446
36.77618060358441,70.34148410589306,10.262658
36.38400725710439,70.32162622943396,11.456108
36.47874022546385,70.43377404514258,11.92603
36.36551541156043,70.44828404323837,11.684224
37.026553778686825,70.36191433747342,10.442077
37.05335224700806,70.40332311601387,11.998608
36.93767537233031,70.39636115731392,10.155869
36.82056637625952,70.44262908734831,11.498192
36.97887568206501,70.51304326583843,10.33435
36.69971307652045,70.51466106438652,10.594338
36.607764880652056,70.58644665323975,11.652368
35.94090290259411,70.57971539158498,9.394027
35.99904662582574,70.62922478220808,11.721083
35.94674217609042,70.64880800545417,11.766546
36.44555429370508,70.58364735297233,9.015814
36.5776019228369,70.66225775343824,11.908193
37.31443793726957,70.59561379237898,10.697023
37.31313038291749,70.66881369395614,8.164118
37.54062901573178,70.67612445309719,11.225219
37.04257750343527,70.69135073483139,10.956858
37.147108152883526,70.7085050015688,11.995303
36.963295029679266,70.7411911943049,9.357444
37.00950784192003,70.7858337738498,11.7543955
37.39509519732085,70.7790470570115,9.843184
37.07959691317771,70.83721094625909,11.906948
37.63475768877271,70.78620399972591,11.745493
37.61059963582808,70.80683702386207,11.921017
37.667512148832806,70.84083862495378,11.952838
38.02486866736654,70.88968405415449,10.587575
37.360498332220885,70.92093691705246,11.412824
37.30073190355079,70.94860969226363,9.310067
37.72252715203286,70.99496805249746,11.643255
37.48782973681683,71.04276297511029,10.551295
36.904410513271685,70.77357327416995,11.838199
37.15826320743069,70.89270318636373,9.872403
37.20971325964973,70.92433207395877,11.702664
37.066226445303435,71.23458032196935,11.357916
35.865733114051416,70.66318548593054,11.727159
35.7430098008574,70.66381013676701,9.873455
35.82816437333036,70.69793265201743,11.937195
35.98405103642998,70.73052253158198,10.896656
35.94671529193482,70.87855353433065,11.939065
36.0421945953041,70.9477308882781,11.793526
35.9226672514525,70.91792598478713,8.421617
35.947237019168305,71.04010900248082,11.154166
35.89204766818378,71.03440828057964,11.885808
35.19288541405027,70.84953730569171,10.746024
34.622879454125346,70.9057761740526,10.645248
35.49643205509356,70.9313748602905,9.9527645
35.50424252838225,71.03452683786537,10.856694
35.165440955162666,71.05835222317302,11.754688
36.416160097080024,71.15407289543288,10.574359
35.972738799576184,71.10500895587951,9.594321
36.30909864236646,71.2109923509897,11.955918
36.167635505030944,71.16494289166906,10.194363
36.72164939853205,71.20488112535814,11.881973
36.91566313257942,71.28132156256666,10.0002365
35.874578407128766,71.19149745783402,11.474535
35.76018244411188,71.1761412039904,8.697032
35.48704621816316,71.2726982991783,11.926365
35.79551298748087,71.34265418667185,11.338775
36.33692282196381,71.44541743754384,11.819636
36.46067951005332,71.42913740825703,10.584098
36.32628316390534,71.48144399842327,11.952838
36.04199287071653,71.53564408568852,10.242926
36.017051624018,71.5592376652838,11.495195
37.98561863205196,70.94759372071113,11.529625
38.22180898934726,71.09812521178891,11.926407
37.762219111037425,71.0238705049996,11.7563715
37.64384876966276,71.11598571735995,9.522655
38.359477550787446,71.16027101123974,11.517528
38.43184517740189,71.27174803237848,11.445212
38.494440405552936,71.29396993626402,6.189669
38.34204616428064,71.44136536153414,11.845647
37.84047223672339,71.29408679966023,11.721982
37.33521987540853,71.26179243319706,11.807336
37.18206630097577,71.25469287022884,11.918968
37.591764319758795,71.4306994385025,10.147973
38.83492326007628,71.32943412366811,11.172347
38.66836827750488,71.38941154337114,10.4582405
38.63369442956812,71.38959784434665,11.55925
38.85577168290558,71.42496328824701,11.604959
38.906960200585466,71.47726272519239,11.677051
38.72758845464095,71.44723489609132,11.629906
38.591596295444624,71.4450505832836,10.412993
38.40080772651512,71.48876295778946,10.719413
38.69389607776113,71.52249320323138,9.589374
38.82682776940723,71.56185800096353,10.04582
38.661688560712314,71.53885967224325,9.043871
38.992984064686304,71.66837335390153,10.495528
38.88144272130662,71.64656544087448,10.610709
38.89865389883146,71.73750420069514,11.892024
39.0407019160794,71.75319449438489,10.317662
38.413924757941615,71.52172339645077,11.6807785
38.38682975038886,71.61778504972546,11.75882
38.334034960132335,71.68084509595228,9.947384
38.10860532231623,71.61784527154286,8.939398
38.06807679889784,71.6339014713021,11.987506
38.155306501289694,71.66480215619796,11.534046
38.070758069759314,71.76720910316514,11.763043
38.07145094166989,71.76738169203557,10.0238695
38.76214665768457,71.67857104424398,11.577479
38.65335357748472,71.75912932969541,11.242862
38.964754668430686,71.79540682287806,11.819868
38.86458012939476,71.80297286254641,9.419474
38.385897594651325,71.76181623609659,10.341802
38.47717463850551,71.77481655693038,10.942633
38.32905222219583,71.83729882070529,11.792915
38.58363592969396,71.91517324113792,11.92926
37.06207337937558,71.32798313578164,11.303709
36.95557273628271,71.43110537199384,9.528454
37.16288731588491,71.40078745974854,11.863457
37.39370779893139,71.45809341794735,11.731411
37.146031721840515,71.50950347106307,9.282675
36.86462314169534,71.41928747623521,11.623642
36.91904473580919,71.4477884264687,11.520463
37.01549571019441,71.52586532662642,11.767241
37.016885110954334,71.56101154285352,11.186692
37.254773639584364,71.56592402840752,11.189215
37.5185168364274,71.62691495038084,11.568951
37.212717543728374,71.6578596556732,11.417392
37.11245340781615,71.68476119201229,11.566924
37.41740008836423,71.74705058835924,11.382394
37.261900967232854,71.72140251358405,10.695835
36.388865814555984,71.55065591183549,11.730522
36.29251898332202,71.65809962470178,11.43936
36.55797689764929,71.7435496894102,11.206815
36.84977364067857,71.72860954048963,11.913209
36.92238103604069,71.78515879371963,10.943949
36.91950812841477,71.78596421951579,8.962516
37.13320996641015,71.85518538938418,9.059079
36.91174990257455,71.83806156068766,11.498408
37.11856441020741,71.8732378631925,10.38998
36.73205678790066,71.86990346755869,11.909042
36.98015204909027,71.92161794910004,10.654782
37.82107563775783,71.67557879898324,11.897529
37.81804168413222,71.78699917501355,10.375695
37.67102652232327,71.8914360766041,11.568868
38.07950206833576,71.91018641625524,11.58544
38.277589357139064,72.09471289697001,11.31095
38.03515029902611,72.03196017928097,11.489911
37.934827858579474,72.00433800706267,11.894049
37.77534067304042,72.02153224213343,9.520691
38.00109132447214,72.17111008877191,11.844787
37.32253623539665,71.86127047840557,11.864055
37.21585289502466,72.01507300639732,9.700167
36.95384079852655,72.03438819069686,11.8987875
37.181125345189166,72.1509294759357,9.988088
37.70295518617289,72.06303277394886,11.464748
37.754282986400575,72.12736754848672,11.831815
37.43565704319709,72.1010079756999,9.439077
37.6679738809308,72.1837442606843,9.012807
37.65403599407124,72.22380105947393,6.8674054
37.818825576058266,72.26320548771685,9.482838
37.361879677303996,72.13643826101203,11.4005165
41.679171900524125,70.9805240987153,10.681555
41.58604760119347,71.03570109740303,11.024428
41.33673387891165,71.0340490022304,11.057494
41.89694751951406,71.20168297279658,11.610425
41.68431767008568,71.20836164352824,11.978582
41.67808147984236,71.28213939267553,10.074859
42.01981220433304,71.35977857141594,11.379189
41.95598732547227,71.34690282633618,10.749483
41.05160921223711,71.24630545125103,10.933442
40.97467740101859,71.33806870019026,11.046113
41.41044582814724,71.33942623981628,11.364745
41.28185514072566,71.3840635836641,11.164726
41.29949301849075,71.40147743759847,11.873946
42.26864697130914,71.36306005572963,11.968478
42.26771263007612,71.39072673483629,11.030314
42.67057290083023,71.45188010282311,11.472277
42.557507106951974,71.50524397520834,11.793921
42.565883972871745,71.52375324524932,11.715568
42.17323032794387,71.43385937082638,11.560918
42.4113265827036,71.51867577849593,11.908933
42.25664866850946,71.61949516604565,11.216923
42.99538885022512,71.56007292800041,10.382946
43.0985181750333,71.60713181464139,11.987834
42.59534022449511,71.68310273694301,10.952191
41.8501438685391,71.71321985349059,10.693046
41.78006000539483,71.72259584272389,8.19316
42.436652471054394,71.75308362260229,8.043712
42.56075656260924,71.8092589514327,11.546154
42.07220230232899,71.77364851884835,11.690691
42.18445000049264,71.80042954271785,9.463119
42.244403060670955,71.84101984916805,11.657223
42.43915260082473,71.92934714062176,10.674667
40.503983992121505,71.42775171518763,10.925973
40.711604235163485,71.40639508310556,11.816747
40.635295827395325,71.57766234082945,8.667851
40.48471192984969,71.62638908758835,6.65409
41.149710140627384,71.58576397517504,11.166178
41.32462710738279,71.65482067051313,9.794277
40.9742575664871,71.6547729781216,11.648892
40.7011842308855,71.6194186709085,11.544778
40.665299211065104,71.67302005377624,11.639624
40.833799884740024,71.76715830732641,11.002242
40.08813576715359,71.48287555036035,10.826921
40.08537163838204,71.52217519811367,11.572541
40.06272268121495,71.580692512073,11.974931
40.08283618203307,71.6171001232556,11.615459
40.2315454958638,71.70056811650204,11.598832
39.862407043489945,71.59045501918574,9.978912
40.477719280599025,71.690959402035,8.805514
39.83847601792536,71.6824567649054,11.417281
40.133587192850875,71.6938401358635,11.271095
39.961101588084304,71.74275410194623,10.721971
40.43076240775582,71.78472319411703,11.7324505
40.7710481123711,71.83315578473577,11.242899
40.74612703447555,71.85872092512848,10.133218
40.244559812568454,71.89442127315986,9.3821
41.362281857371286,71.70155147175599,11.856905
41.57782598625344,71.72789328454468,11.713766
41.314209342718,71.75942136039151,11.54246
41.269240721676624,71.78481609775598,10.939126
41.32801860312854,71.8105248234511,11.591166
41.568157478883904,71.79200541067522,10.194628
41.162905121720414,71.79428228129318,11.743212
41.10926922858943,71.80247130620877,11.175548
41.22566144142018,71.85049170620053,11.599323
41.15193040409706,71.86472352530045,9.955266
41.04781893103848,71.87773905730245,11.317146
41.34951135757779,71.98184308885395,10.342463
41.81849497195092,71.87684403962679,11.761864
41.964045527277285,71.93169009057391,11.81457
41.68230455325814,71.96693378073144,10.201
42.034859319216984,71.96587684942712,7.8695607
42.00512974650468,71.98019495308476,11.753037
41.579321084522576,71.96938291427007,8.899345
41.61153871028698,72.07564113133687,11.739492
40.74378895279373,71.9161088574644,11.334503
41.11146055239892,72.07041894747533,11.982369
40.83192494746108,72.09975105551564,9.070516
40.75314949726596,72.132369994511,9.133384
41.2208947308829,72.13132033223846,11.497199
41.26387188046875,72.17125984631068,10.864247
41.14431399157565,72.20647847703553,11.227676
40.89750133071617,72.20260760555615,11.014233
41.117831538571984,72.24669245958535,9.991583
43.085777818063264,71.75878907411992,11.468588
43.3077118514106,71.8798526794201,11.02133
42.93555327647034,71.77550861565308,11.20361
42.98139115059222,71.94069298774967,11.493423
43.010965349535034,71.94735145200377,10.511913
43.49977229592747,71.91285233400872,10.539824
43.826649541149784,71.94296007961776,11.455714
43.84764320431952,71.95988435741707,10.874639
43.673654323720726,72.03675012183429,11.580925
43.43894517947443,72.07902479034168,10.879244
42.837091249268724,71.9023142383749,11.882436
42.76020180472085,71.91473960324473,11.861688
42.5270508323035,71.95650911453545,10.139342
42.605561937582586,72.0071454541184,9.914159
42.67103466090712,72.00926949397558,10.187681
42.736924973497295,72.11351322816616,11.252118
43.060401515540796,72.11368639105602,10.759709
43.90804839702951,72.10494067983424,9.896272
44.42571201448969,72.20167278312199,11.351273
43.84501378557711,72.12782637359771,11.98917
44.065700182121276,72.23491449039741,11.791576
44.106548993855895,72.32550106017256,11.374216
44.38853887164401,72.35597347186501,9.618859
43.603907161996055,72.27576689478911,11.680911
43.906510746958155,72.33478079367643,9.232611
43.464932690195,72.39302367418519,11.456409
44.15088285272659,72.50355296638006,11.26528
44.36327415159953,72.53551947332205,10.674014
44.22433606235699,72.62771541083823,10.802093
44.130621227407936,72.64446733850149,11.05812
44.07911108320217,72.69840786431499,11.504274
42.21865485849066,72.03687489221086,10.588418
42.140739123875036,72.12155792452842,11.736419
42.4582920813943,72.12140552775122,10.3705435
41.955730030695264,72.144786532466,11.845227
42.35639958496154,72.27638464018813,10.59031
42.17357911131232,72.34394359700458,7.8337765
42.50467730551299,72.27251631416894,11.613032
42.50539902362689,72.29164436324555,11.956979
42.457372684391075,72.29105289456095,11.810208
42.663260921911125,72.3725312077975,11.110108
42.92763004812297,72.3667543968737,11.758935
43.09716211801019,72.39389021211946,11.9716215
41.399399587202126,72.41090519276115,11.517246
41.727584922634115,72.54073016631814,11.9873905
42.38320560775492,72.55544925017655,11.137544
41.86972059486724,72.51134627610794,11.302089
41.883985034126,72.55495806914315,11.3961115
42.1216800831456,72.60996716214837,11.9316435
42.9921341901061,72.44788305656155,10.898709
43.0134076355127,72.48890948883951,11.195916
42.97013981310163,72.51553323594389,11.988828
43.389298836110584,72.61095715305711,10.297046
43.41591834075622,72.62310621032856,10.414504
42.83832203148609,72.5196125960766,11.43875
42.99800456454813,72.53622811656867,11.529486
43.16495584095761,72.72022581483249,11.152645
43.59211974674767,72.71272067439824,11.957578
43.472837962242124,72.76209545787063,11.418403
42.79406960005932,72.66561615881638,11.569617
42.73274510919555,72.69314807082591,10.235966
42.46990637585602,72.8171012388069,10.616215
39.44570946297706,71.72623219386793,11.944477
39.78691233430708,71.84651321010035,11.818961
39.70354433395652,71.89354667808055,11.65418
39.124244532732995,71.83067682693343,11.118905
39.42198649716952,71.90697223067768,10.474355
40.3206356231485,72.0192428532224,10.805605
39.65492751619543,71.96086717075632,10.798778
39.84674774462205,71.99180448216539,9.903866
39.86890870602848,72.00764147584741,11.723805
39.92493147591641,72.03183111906942,10.546145
39.77820479695686,72.11230025323192,9.691118
39.130561781649725,71.88966586622438,11.849568
39.2550588161146,72.00532504239925,10.869211
39.44436413762329,72.01056488686281,11.432079
39.25583433622546,72.06263146601218,11.887735
38.87411807147708,72.06326759926299,11.79568
39.08411855667481,72.06167296671345,10.154225
39.732731071645134,72.17594419501181,11.591085
39.55768480349349,72.1702163659509,11.538922
39.39081714586924,72.21229691527387,11.593874
39.142975890403,72.20024832918348,10.284717
39.009691262258926,72.21785743154506,11.642059
39.22359581885747,72.25914755964918,11.662601
39.243501320221554,72.29847660126218,10.612686
39.203855010284265,72.30193939450133,10.681755
39.43330266835335,72.31157178522862,11.717285
40.551261325407935,72.1254156643319,11.766375
40.30405375586111,72.09210945432424,11.801981
40.403861895397704,72.12430392738304,11.757777
40.60920799687036,72.15124236004903,10.287278
40.547281809516974,72.15800631405253,11.9179735
40.57513537214066,72.22080294846876,11.180352
40.07473465146355,72.17802749053705,9.536028
40.54875824957136,72.29309426735826,11.520425
40.85444782900027,72.3571862475319,11.066703
41.035899435707506,72.318258493246,11.446601
41.05209553690248,72.41992758192816,10.667565
40.798198500841266,72.4489429360223,10.081028
40.06987228573221,72.30426539521285,8.621229
39.78179079161684,72.3369545338231,10.360825
39.622401612913514,72.32333593999262,10.855763
39.70295523561408,72.4004123896253,11.753662
39.5642111037496,72.46485574957542,11.965681
40.01892037679674,72.48246574775477,11.78589
40.454678922596095,72.48252644504151,9.940702
40.3520254406368,72.59043189033792,10.608311
39.94814940087485,72.56917195695499,10.582226
38.86261215796524,72.1810663124459,11.78014
38.773871737381135,72.29245194422657,11.637877
38.859777827346726,72.32405620962075,11.635934
39.24034993001836,72.39419335057312,11.839456
38.60375754898628,72.33262516459322,11.504749
38.85752033623616,72.3968081798841,9.921286
38.51899289337219,72.37026062081691,10.781195
38.10579768291152,72.30099510420781,10.666385
38.20608933348471,72.37304088114597,11.771023
38.10519078264105,72.44147364027577,11.608956
38.40462408634847,72.40069801643017,10.523926
38.360358332173504,72.5416026737992,11.999893
37.90425435765972,72.57380752200747,11.881818
38.30747387175877,72.64962001058029,11.341186
38.32891482039966,72.71669930698262,11.782245
39.588492627116274,72.63417084740243,11.230996
39.46812256118146,72.6613891323874,11.686248
39.221168947127495,72.73722057278414,11.1286955
39.78827758486403,72.64789726133218,11.7885065
39.87906942626562,72.76470466146309,11.9435215
39.961104184713264,72.80071087654595,11.859556
39.91959814912498,72.82518558281951,10.322448
39.50804919468595,72.81832240227384,4.926409
38.87269706500591,72.64013419939948,10.913696
39.19749462389221,72.77041175525811,9.371924
38.87079220374367,72.84499060849706,11.753468
38.99552642732294,72.85036865336235,11.406239
39.04927884659436,72.86467687152141,11.58498
41.504119854939546,72.55917750529609,11.371138
41.447862916448244,72.58327042638082,10.003029
41.63369244691653,72.62007669595714,10.631174
41.67480490141339,72.79676118824689,11.517045
40.678714882155006,72.62914931790634,11.713701
40.51666149146325,72.70185389313242,11.14094
40.307689786589734,72.72479511216825,11.698048
40.680325706824476,72.82767376502242,9.938757
41.42370202566195,72.95497542494152,11.159199
41.93826399827798,72.83332770989692,11.21856
41.95190748536202,72.83584851048776,11.08997
41.96826361325535,72.8654856453261,11.764263
42.22317122962454,72.89926696576495,10.256019
41.897745645133696,72.89844200155835,11.838525
40.2449879089434,72.78742064505711,8.108078
39.983688093827844,72.92576853491158,10.7951975
39.89141522723472,72.97365269153678,10.88911
40.65387204303532,72.98481019303279,11.281259
40.5822427507771,72.9812603122063,11.757946
39.70541870936647,72.95469297484343,11.656897
34.67143599354292,71.0857990713762,10.248305
34.271707247631774,71.17587368133438,9.595209
34.851833230237126,71.27022222948709,11.012654
34.79513318952548,71.31477854465685,11.250723
34.320455523429125,71.27643256936656,10.046943
34.253159816027946,71.32297644871917,10.866748
34.19877014734193,71.33085457986108,11.370033
33.897226294598795,71.38803509635848,10.93387
34.14878290940115,71.40443037795282,10.976059
34.024651155360914,71.42939364076659,11.6852665
34.25167627930553,71.4767380268143,11.546007
34.15403423036442,71.4432773202895,11.486005
34.217861083962866,71.630913913093,11.718937
35.0399309390942,71.50217166500363,10.292935
35.74032299836541,71.577423830423,9.652013
35.88177226622535,71.63340511652697,10.300552
35.792429644923615,71.68710649989505,11.702539
35.61014192259613,71.6946028539002,11.613253
35.4691766010474,71.69004530304149,11.512087
34.810111094967624,71.56687684453789,11.914671
34.815433382928966,71.58739478790189,11.438447
34.87181440627495,71.65105515864995,10.979248
34.98412485566575,71.75425376352625,11.876785
34.90318688002706,71.76622039750512,9.352876
35.276926856075015,71.81489911323148,11.711826
33.61834055808141,71.4822426267564,10.932
33.26629539647369,71.39993482113259,10.17629
33.01202186357582,71.48238804056201,9.774273
33.68705598149713,71.60656156074639,11.510334
33.922450110353076,71.6285695821754,11.215474
33.50716978715589,71.60233723339628,11.719767
32.80523630016559,71.70339167435746,10.947402
33.2122154782606,71.69980721045306,11.85345
33.312868246789286,71.73110918622392,11.831499
33.41117316144235,71.76258419084543,10.433224
33.17717034951361,71.84430933703041,9.667536
33.17815540310077,71.97514505851375,11.385135
34.22123743126627,71.6675613754309,10.800794
33.98929834617248,71.74098399314714,9.0574255
34.054666128624746,71.78114354410293,11.421719
33.909270039524905,71.8377227403806,10.77381
33.85007342070897,71.91622844034222,11.260613
34.384371518330546,71.90479681225982,11.0240345
34.29531544991085,71.9719331189236,11.952639
33.86590767285646,72.14522373939498,11.336048
34.08987442181831,72.27321475022646,11.899429
33.93523932964002,72.27171713810155,11.789759
36.09399641105898,71.88964345796744,11.644796
36.04608681167274,71.93851976020662,11.464009
36.204289689760195,71.9549058985721,10.117565
36.52303356014572,72.01913195435125,11.764873
36.54884528397412,72.0591988322556,10.771422
35.55387545617815,72.08279255298909,9.809338
35.206020289076584,71.94049202103173,10.098584
35.224574237113394,72.02885521655318,10.857455
35.28964283049265,72.10455928510892,11.412356
35.43471012673099,72.19486001531027,10.095534
35.4532044392241,72.18820977294894,10.107957
36.7360703562526,72.06572590774955,10.270591
36.70531907413875,72.06587682304112,11.175727
36.8401034667436,72.08464368542063,11.180965
36.69542439554278,72.15071596954392,11.905126
36.96248677372564,72.13319787869148,7.743898
36.93503565185614,72.16002618383207,10.597466
36.4400355196297,72.12069511861758,11.598101
36.573811797143634,72.21898478572591,10.254686
37.20437009009499,72.25575281116544,10.943179
36.96158779965522,72.28306920502149,11.8924465
37.39141112906005,72.39402472746984,11.959803
37.23684613018742,72.3756151372035,9.795927
37.07500794722255,72.38165612280152,11.791144
36.612705068900645,72.39147481811152,11.12691
36.061238869637506,72.29264862603364,10.37208
36.378332511762785,72.38436931704143,10.134019
36.14318121385975,72.4067987275891,11.444245
35.942748076901296,72.317809676796,11.069598
35.898307530758565,72.42654042136822,10.777717
36.138670776589066,72.44795256498466,11.598382
36.59368568619549,72.41408561077664,11.833833
36.55201331528873,72.5669873027163,11.710866
36.69190654367116,72.58619103229618,11.44328
36.7460958310139,72.61935297711632,11.334561
36.35543271071377,72.59662229843461,11.92537
36.128432259544034,72.56295580161307,9.4840975
36.291410387721825,72.65169972202126,11.72293
34.76636534437391,72.07686237913967,11.661163
34.861885240989146,72.20375608204634,11.383085
34.55722519889042,72.29973431423272,11.919427
35.16435518952896,72.33667565914908,10.686047
35.034903799165086,72.53351734741483,9.628227
34.445940302581015,72.27003148462309,11.57519
34.4030679440937,72.27402741169021,11.594488
34.493995493829665,72.34448225897559,8.535421
35.64132397582987,72.42076471968866,9.327111
35.52251959551654,72.44969857116558,11.997538
35.57567789813122,72.57384659941562,11.41731
36.14978700860676,72.68019910223038,10.8808775
37.41539338169227,72.50951139572308,11.994267
37.690868778530074,72.54449820842436,11.933737
38.093828164643156,72.6888287827101,11.203787
37.93179200310405,72.75454934811604,10.637512
38.12629964338349,72.80130199559305,8.208021
37.66334906257315,72.72695524393889,11.898601
37.80747389141969,72.87565450473979,9.360858
36.90860436998134,72.64077233749136,10.966583
37.02725555191207,72.76029620592891,11.317524
36.98445776382808,72.76580999844728,10.399285
37.16882006461712,72.79534281364613,9.148654
36.83227611821312,72.79104082220275,11.764736
38.315007122717915,72.7930668286014,10.358335
38.23053711522529,72.84356205219568,10.709455
45.06247883524463,72.42783301889372,10.374672
